月份,項目,金額,數量,比率,來源,單位,客戶,耗時分鐘
2026/06/03,後段,62.53,189,57.31,正常登錄,研發,順發,150
2026/07/05,後段,89.80,0,11.32,正常登錄,研發,順發,12
2026/07/21,後段,79.21,160,4.13,正常登錄,營運,東昇,47
2026/07/21,完成,41.46,54,93.49,正常登錄,資材,東昇,196
2026/07/29,中段,41.76,138,82.92,正常登錄,製造,捷欣,160
2026/06/09,後段,12.51,40,76.51,正常登錄,資材,東昇,43
2026/06/15,後段,29.81,149,43.20,正常登錄,研發,東昇,203
2026/07/21,前段,27.20,195,78.23,正常登錄,資材,東昇,9
2026/06/01,中段,29.34,233,19.37,待確認,製造,大宏,30
2026/06/30,前段,92.93,0,4.64,正常登錄,製造,捷欣,18
2026/07/15,後段,1.17,0,56.71,正常登錄,營運,力鋼,211
2026/06/04,中段,54.78,0,48.94,待確認,研發,東昇,36
2026/07/16,中段,17.20,0,83.47,正常登錄,品保,大宏,53
2026/07/03,完成,89.07,0,14.67,待確認,研發,捷欣,134
2026/06/03,後段,49.01,196,60.44,已回報,資材,力鋼,101
2026/06/27,中段,93.78,215,57.26,待確認,資材,捷欣,36
2026/06/08,中段,96.06,0,45.45,正常登錄,資材,東昇,44
2026/07/10,前段,48.73,222,27.02,待確認,製造,捷欣,19
2026/07/13,中段,69.53,232,41.14,正常登錄,資材,力鋼,39
2026/06/02,後段,13.08,58,41.89,待確認,品保,捷欣,198
2026/06/27,後段,31.30,0,39.64,已回報,研發,東昇,130
2026/07/02,前段,53.73,200,43.58,正常登錄,研發,永利,150
2026/07/17,前段,25.47,222,79.03,待確認,營運,順發,144
2026/07/10,中段,24.04,140,92.24,正常登錄,資材,大宏,49
2026/06/16,完成,82.12,0,4.30,正常登錄,品保,永利,16
2026/06/02,前段,19.06,44,44.46,正常登錄,營運,東昇,157
2026/07/12,後段,56.85,134,23.09,待確認,營運,東昇,132
2026/07/14,後段,34.53,182,90.40,正常登錄,資材,捷欣,169
2026/06/23,前段,0.93,3,75.35,待確認,資材,大宏,79
2026/07/08,中段,60.96,51,76.77,正常登錄,資材,力鋼,51
2026/07/30,中段,70.42,103,53.20,正常登錄,品保,順發,137
2026/07/09,後段,59.43,236,79.60,正常登錄,資材,東昇,149
2026/07/20,前段,54.56,85,82.33,正常登錄,製造,永利,164
2026/07/19,後段,4.29,0,58.76,已回報,製造,東昇,110
2026/07/14,中段,61.41,174,47.77,待確認,營運,順發,190
2026/06/24,中段,45.19,226,69.58,正常登錄,資材,大宏,33
2026/06/23,完成,60.21,0,29.86,待確認,資材,大宏,82
2026/07/06,完成,6.20,188,55.97,待確認,營運,力鋼,231
2026/06/06,後段,76.23,160,42.60,正常登錄,資材,力鋼,126
2026/07/26,前段,73.32,15,42.36,正常登錄,營運,大宏,26
2026/07/29,前段,29.04,225,89.67,正常登錄,品保,捷欣,188
2026/07/27,後段,15.08,0,82.37,正常登錄,營運,順發,199
2026/07/22,前段,26.77,76,10.04,正常登錄,製造,永利,51
2026/07/24,中段,40.09,0,63.83,正常登錄,製造,順發,43
2026/07/04,前段,68.09,39,1.59,待確認,研發,力鋼,41
2026/06/23,中段,67.47,68,35.29,正常登錄,製造,東昇,55
2026/06/13,中段,6.53,0,25.50,待確認,資材,順發,183
2026/07/27,前段,60.78,174,35.60,待確認,營運,捷欣,90
2026/07/21,中段,46.46,179,57.77,正常登錄,製造,順發,35
2026/06/09,後段,2.58,35,54.07,待確認,資材,力鋼,207
2026/06/14,後段,44.23,7,32.58,正常登錄,品保,力鋼,89
2026/06/24,中段,30.24,48,30.17,正常登錄,製造,東昇,208
2026/07/05,完成,94.03,61,60.22,已回報,資材,永利,38
2026/07/21,完成,82.99,98,7.87,已回報,營運,東昇,53
2026/06/22,後段,46.79,200,74.79,正常登錄,製造,東昇,148
2026/07/12,完成,47.96,0,73.00,待確認,營運,東昇,132
2026/07/27,完成,48.00,168,72.52,已回報,營運,捷欣,120
2026/07/08,前段,55.35,0,73.60,正常登錄,研發,東昇,175
2026/07/10,前段,84.99,0,18.43,已回報,營運,捷欣,77
2026/07/24,中段,26.53,0,45.48,已回報,品保,力鋼,74
2026/07/09,中段,83.05,90,28.44,正常登錄,資材,力鋼,1
2026/06/20,完成,80.78,93,69.28,已回報,品保,捷欣,106
2026/07/30,中段,57.50,127,97.81,正常登錄,製造,大宏,58
2026/06/22,後段,43.99,49,14.19,已回報,品保,順發,164
2026/07/25,後段,76.55,19,65.30,待確認,資材,順發,112
2026/07/16,完成,37.75,0,10.71,正常登錄,品保,永利,101
2026/06/30,完成,50.93,36,10.47,正常登錄,營運,大宏,201
2026/06/07,前段,30.56,216,82.78,已回報,資材,東昇,187
2026/06/14,後段,56.67,218,95.61,待確認,營運,順發,229
2026/07/27,中段,53.71,27,0.70,正常登錄,品保,順發,113
2026/06/01,前段,81.27,62,69.52,正常登錄,品保,東昇,189
2026/07/16,完成,28.44,62,73.26,已回報,研發,大宏,36
2026/06/22,中段,23.16,179,71.48,待確認,營運,永利,209
2026/06/26,前段,19.33,73,44.45,待確認,營運,永利,1
2026/07/17,中段,23.05,0,17.52,正常登錄,品保,東昇,113
2026/06/21,後段,39.61,187,24.42,正常登錄,品保,東昇,144
2026/06/09,後段,68.28,12,31.58,正常登錄,營運,捷欣,236
2026/06/17,完成,84.67,131,1.05,已回報,製造,東昇,126
2026/07/25,後段,83.57,58,60.05,待確認,資材,永利,103
2026/06/06,中段,47.20,0,33.96,正常登錄,研發,大宏,225
2026/06/27,前段,77.27,60,69.63,正常登錄,資材,東昇,49
2026/06/25,後段,74.77,0,95.43,正常登錄,營運,東昇,187
2026/07/18,後段,10.71,0,60.54,正常登錄,研發,力鋼,73
2026/07/06,完成,56.09,184,57.42,已回報,品保,捷欣,113
2026/07/18,中段,66.09,207,31.90,正常登錄,研發,順發,90
2026/07/23,中段,1.68,17,91.56,正常登錄,品保,大宏,232
2026/07/11,前段,16.20,32,95.35,正常登錄,營運,大宏,196
2026/06/04,完成,0.45,3,81.75,正常登錄,營運,東昇,32
2026/06/02,完成,0.92,7,85.57,正常登錄,資材,力鋼,116
2026/06/24,前段,90.65,12,74.29,正常登錄,製造,力鋼,129
2026/06/22,前段,59.63,226,80.39,正常登錄,製造,永利,148
2026/07/11,後段,22.38,233,46.54,正常登錄,研發,力鋼,119
2026/06/20,完成,92.99,0,76.65,正常登錄,營運,東昇,150
2026/06/08,中段,37.29,39,88.26,正常登錄,資材,順發,164
2026/07/03,後段,36.14,120,68.76,已回報,製造,力鋼,69
2026/06/11,完成,1.97,0,95.66,正常登錄,品保,大宏,224
2026/07/29,完成,20.42,0,60.61,正常登錄,營運,永利,232
2026/06/08,中段,70.84,16,79.65,待確認,資材,力鋼,167
2026/07/01,完成,21.01,175,26.35,已回報,營運,捷欣,115
2026/07/24,中段,40.21,232,49.06,正常登錄,研發,東昇,182
2026/07/26,完成,15.33,74,94.16,正常登錄,資材,大宏,103
2026/07/20,後段,20.41,114,90.41,已回報,品保,力鋼,104
2026/07/05,中段,60.75,82,35.05,待確認,資材,東昇,141
2026/06/19,前段,84.94,0,36.63,已回報,研發,捷欣,126
2026/06/06,中段,64.00,164,85.50,待確認,資材,東昇,230
2026/06/28,後段,5.79,35,8.12,正常登錄,品保,捷欣,29
2026/07/06,前段,6.29,146,10.52,正常登錄,研發,大宏,131
2026/06/03,中段,37.99,23,2.10,正常登錄,研發,順發,212
2026/07/30,後段,63.52,0,89.77,正常登錄,品保,大宏,130
2026/06/28,中段,25.33,118,72.63,正常登錄,品保,力鋼,190
2026/06/02,前段,16.74,94,36.79,已回報,營運,捷欣,160
2026/07/16,完成,25.07,170,80.95,正常登錄,製造,東昇,180
2026/06/03,完成,97.14,50,11.42,正常登錄,營運,順發,231
2026/06/28,前段,29.11,179,79.46,待確認,研發,力鋼,73
2026/06/25,完成,77.38,203,83.59,正常登錄,研發,永利,212
2026/07/19,前段,41.35,0,65.15,正常登錄,營運,大宏,137
2026/06/13,後段,73.95,187,96.10,正常登錄,營運,東昇,14
2026/06/10,中段,97.97,192,22.68,正常登錄,研發,順發,211
2026/06/16,完成,52.29,169,10.92,正常登錄,營運,力鋼,173
2026/06/15,後段,78.73,217,51.68,正常登錄,研發,東昇,9
2026/07/19,完成,16.48,44,85.16,正常登錄,品保,永利,121
2026/07/11,完成,16.69,104,29.21,正常登錄,資材,東昇,8
2026/06/23,前段,44.57,0,91.99,已回報,品保,力鋼,99
2026/07/01,中段,20.43,20,73.70,待確認,製造,大宏,233
2026/07/21,前段,49.75,208,8.23,正常登錄,營運,力鋼,189
2026/07/11,中段,52.11,0,84.98,正常登錄,研發,東昇,216
2026/07/12,前段,7.17,53,14.56,正常登錄,資材,東昇,231
2026/07/07,完成,76.60,166,77.00,待確認,研發,力鋼,42
2026/06/02,後段,91.74,99,2.56,待確認,資材,順發,68
2026/06/26,前段,0.90,2,39.37,待確認,品保,力鋼,90
2026/06/19,完成,53.13,152,72.34,已回報,營運,捷欣,152
2026/06/25,前段,56.30,173,95.40,正常登錄,資材,順發,80
2026/07/11,後段,32.85,43,86.37,正常登錄,資材,力鋼,148
2026/07/29,中段,71.74,21,77.74,正常登錄,製造,順發,82
2026/07/29,前段,55.44,148,13.06,正常登錄,品保,順發,202
2026/06/04,中段,86.13,119,33.58,正常登錄,營運,順發,21
2026/06/01,後段,8.18,51,1.06,正常登錄,品保,大宏,118
2026/07/11,前段,94.36,42,10.91,正常登錄,品保,大宏,42
2026/07/08,中段,15.66,15,73.38,待確認,品保,力鋼,186
2026/07/23,前段,71.55,0,3.94,正常登錄,品保,東昇,23
2026/06/25,後段,89.14,62,45.01,已回報,研發,力鋼,2
2026/07/06,完成,28.28,0,41.04,已回報,營運,東昇,59
2026/06/22,中段,49.65,0,2.39,正常登錄,品保,力鋼,190
2026/06/17,後段,96.30,0,41.82,已回報,研發,永利,95
2026/07/27,中段,31.19,32,86.58,待確認,研發,永利,9
2026/06/07,前段,12.56,0,91.95,已回報,資材,大宏,173
2026/07/06,前段,14.26,179,65.40,正常登錄,製造,東昇,136
2026/07/26,前段,39.66,43,77.65,正常登錄,製造,東昇,145
2026/06/11,後段,82.64,123,27.85,正常登錄,品保,東昇,4
2026/07/28,中段,55.85,0,20.09,已回報,品保,永利,17
2026/07/26,中段,24.51,82,57.85,正常登錄,資材,捷欣,42
2026/06/05,前段,57.09,41,63.85,待確認,營運,力鋼,150
2026/06/10,後段,84.13,46,76.27,正常登錄,品保,力鋼,173
2026/06/11,中段,40.40,66,64.16,正常登錄,資材,順發,115
2026/07/14,後段,92.72,96,65.06,正常登錄,研發,力鋼,215
2026/07/18,中段,66.82,170,60.02,正常登錄,製造,大宏,17
2026/07/30,中段,69.89,18,85.03,已回報,資材,永利,80
2026/07/08,前段,41.16,0,38.42,待確認,品保,捷欣,118
2026/06/27,後段,70.91,0,34.80,待確認,營運,捷欣,161
2026/06/29,後段,53.73,13,79.81,正常登錄,研發,永利,127
2026/07/18,完成,2.54,171,87.01,正常登錄,營運,東昇,187
2026/06/08,前段,59.84,0,5.42,已回報,營運,力鋼,188
2026/07/14,後段,27.29,180,73.84,待確認,製造,順發,191
2026/06/29,後段,7.18,38,0.47,正常登錄,營運,順發,224
2026/07/06,後段,41.09,36,35.19,正常登錄,營運,力鋼,51
2026/07/11,後段,77.11,15,21.88,正常登錄,品保,東昇,29
2026/06/26,前段,92.58,103,14.24,正常登錄,研發,大宏,237
2026/06/22,中段,30.88,40,42.55,正常登錄,製造,東昇,146
2026/07/04,後段,83.69,28,41.06,已回報,製造,東昇,181
2026/07/02,完成,37.04,0,82.86,正常登錄,資材,力鋼,34
2026/07/08,後段,12.52,64,12.81,正常登錄,資材,捷欣,209
2026/06/21,中段,64.63,0,86.53,待確認,營運,順發,58
2026/07/20,後段,68.47,96,50.78,正常登錄,營運,力鋼,211
2026/07/01,後段,64.73,126,74.10,正常登錄,資材,順發,50
2026/07/27,前段,35.43,0,12.29,已回報,品保,捷欣,82
2026/06/26,完成,45.55,0,84.57,正常登錄,製造,力鋼,90
2026/07/14,完成,30.98,0,51.44,待確認,資材,永利,84
2026/07/30,中段,1.68,0,90.37,正常登錄,營運,順發,17
2026/07/23,完成,21.11,178,58.33,正常登錄,品保,永利,69
2026/07/12,前段,84.53,235,95.88,待確認,營運,大宏,39
2026/07/16,完成,0.92,150,73.50,待確認,品保,大宏,173
2026/07/07,完成,51.87,0,1.90,正常登錄,品保,大宏,125
2026/06/24,中段,55.04,101,6.74,待確認,資材,東昇,100
2026/07/26,完成,18.33,125,6.70,已回報,資材,力鋼,142
2026/07/01,完成,2.47,152,49.62,已回報,營運,捷欣,196
2026/06/21,中段,68.12,227,78.63,正常登錄,研發,大宏,132
2026/06/08,完成,87.12,161,90.86,正常登錄,製造,東昇,74
2026/06/14,後段,85.01,82,64.89,已回報,品保,順發,65
2026/06/22,後段,60.11,0,12.33,正常登錄,營運,力鋼,97
2026/07/10,中段,77.50,0,16.06,正常登錄,製造,順發,23
2026/06/06,完成,4.08,195,10.12,正常登錄,資材,東昇,7
2026/07/05,前段,14.71,12,87.56,待確認,品保,順發,147
2026/07/25,中段,23.58,0,25.73,正常登錄,營運,順發,212
2026/07/15,中段,47.91,226,27.51,已回報,製造,大宏,67
2026/07/09,完成,65.90,42,83.35,已回報,資材,順發,138
2026/06/08,後段,61.28,215,86.12,正常登錄,研發,永利,169
2026/07/20,前段,91.18,158,28.35,待確認,品保,順發,207
2026/06/25,後段,28.51,210,95.85,正常登錄,資材,永利,150
2026/06/23,中段,55.26,33,83.92,正常登錄,品保,永利,1
2026/07/15,後段,43.80,106,77.27,正常登錄,研發,捷欣,55
2026/07/11,完成,40.16,130,7.52,正常登錄,營運,力鋼,198
2026/07/02,後段,67.47,62,0.46,已回報,品保,順發,127
2026/06/14,後段,14.05,0,44.64,正常登錄,製造,力鋼,30
2026/06/21,後段,8.18,159,71.77,待確認,營運,順發,53
2026/07/10,後段,75.48,130,95.33,正常登錄,品保,永利,113
2026/06/22,中段,71.65,128,90.63,正常登錄,營運,東昇,49
2026/07/07,後段,87.56,72,29.52,正常登錄,品保,東昇,9
2026/06/08,前段,87.23,118,28.91,已回報,營運,順發,82
2026/07/20,後段,69.53,0,3.42,待確認,品保,力鋼,103
2026/07/02,前段,59.35,8,24.85,已回報,品保,大宏,190
2026/06/13,前段,61.52,0,34.44,正常登錄,品保,力鋼,5
2026/07/18,完成,50.26,68,95.15,待確認,資材,大宏,131
2026/07/26,中段,27.88,7,55.92,已回報,品保,大宏,77
2026/06/19,完成,42.97,0,76.47,正常登錄,品保,東昇,63
2026/06/15,前段,87.17,0,57.76,正常登錄,營運,順發,181
2026/07/14,前段,8.67,118,75.62,正常登錄,營運,大宏,192
2026/07/19,前段,90.59,187,30.40,已回報,營運,力鋼,87
2026/06/11,完成,51.80,34,69.26,正常登錄,品保,永利,137
2026/06/09,前段,6.35,5,4.45,正常登錄,製造,捷欣,18
2026/07/28,中段,82.65,0,8.26,正常登錄,營運,永利,180
2026/06/08,中段,72.37,174,82.50,正常登錄,研發,大宏,227
2026/06/03,完成,80.99,0,64.18,正常登錄,研發,捷欣,177
2026/07/19,完成,89.96,0,87.88,已回報,製造,東昇,101
2026/07/12,中段,43.70,0,25.14,已回報,品保,大宏,236
2026/07/16,後段,71.72,173,67.13,已回報,營運,永利,208
2026/06/25,完成,1.61,75,44.44,正常登錄,資材,永利,231
2026/07/04,後段,20.17,174,62.23,正常登錄,研發,捷欣,57
2026/06/18,完成,67.37,179,38.77,正常登錄,營運,順發,42
2026/07/27,前段,92.40,0,90.41,正常登錄,製造,永利,22
2026/06/01,後段,51.37,24,86.91,正常登錄,營運,力鋼,54
2026/07/21,中段,78.07,213,32.75,正常登錄,研發,東昇,91
2026/06/02,後段,66.86,239,69.08,待確認,營運,順發,214
2026/07/27,完成,9.97,213,27.58,正常登錄,資材,東昇,71
2026/07/21,中段,14.19,209,90.83,正常登錄,研發,大宏,150
2026/07/18,中段,37.98,0,40.01,正常登錄,製造,東昇,219
2026/07/19,中段,50.34,221,58.55,正常登錄,資材,大宏,214
2026/06/30,前段,31.93,74,36.04,正常登錄,品保,永利,202
2026/06/03,完成,18.59,145,69.81,正常登錄,營運,永利,55
2026/06/25,中段,88.53,0,37.10,正常登錄,資材,永利,155
2026/07/27,中段,25.98,0,76.41,正常登錄,資材,順發,209
2026/07/30,完成,23.26,0,41.25,正常登錄,營運,東昇,183
2026/06/14,前段,41.43,135,78.83,正常登錄,資材,東昇,51
2026/07/11,完成,35.85,206,8.47,正常登錄,營運,大宏,5
2026/07/24,中段,25.97,25,91.53,待確認,資材,大宏,33
2026/07/03,中段,58.20,110,77.90,已回報,研發,大宏,138
2026/07/16,完成,73.63,0,22.78,正常登錄,營運,順發,76
2026/07/25,後段,35.45,0,56.11,已回報,資材,東昇,58
2026/07/11,中段,59.24,171,43.08,待確認,資材,永利,167
2026/07/21,後段,2.56,134,8.50,正常登錄,資材,力鋼,52
2026/06/21,前段,26.51,206,28.51,正常登錄,資材,東昇,55
2026/06/05,前段,22.87,232,24.41,正常登錄,營運,力鋼,181
2026/06/24,前段,54.99,89,62.53,正常登錄,製造,東昇,79
2026/06/17,完成,23.30,76,28.19,待確認,研發,東昇,163
2026/07/03,後段,72.60,107,17.48,正常登錄,營運,東昇,218
2026/07/20,前段,26.24,0,83.70,正常登錄,研發,大宏,104
2026/07/13,後段,68.84,25,3.04,正常登錄,品保,力鋼,209
2026/06/23,後段,12.14,189,15.42,正常登錄,製造,順發,65
2026/06/07,完成,57.94,169,37.58,正常登錄,資材,大宏,137
2026/06/12,後段,46.68,0,2.20,正常登錄,研發,東昇,174
2026/07/08,前段,0.55,4,12.33,待確認,品保,力鋼,96
2026/07/28,後段,6.39,223,80.06,正常登錄,營運,永利,162
2026/06/14,後段,8.52,101,12.59,正常登錄,製造,順發,124
2026/07/30,後段,85.75,170,60.67,待確認,製造,順發,47
2026/06/19,中段,16.12,40,97.70,正常登錄,營運,大宏,205
2026/06/13,前段,83.63,151,57.56,正常登錄,品保,東昇,237
2026/06/16,中段,53.17,195,78.09,待確認,營運,東昇,134
2026/07/21,中段,73.04,121,42.06,正常登錄,製造,捷欣,178
2026/07/29,完成,79.53,0,70.81,正常登錄,製造,永利,86
2026/07/30,中段,88.12,94,57.99,正常登錄,營運,力鋼,3
2026/06/13,後段,83.98,51,66.14,已回報,品保,力鋼,157
2026/07/07,前段,71.21,139,1.18,正常登錄,研發,順發,186
2026/06/01,前段,65.92,103,8.31,待確認,資材,捷欣,203
2026/07/25,後段,67.52,0,51.73,正常登錄,研發,順發,133
2026/07/28,中段,46.78,7,64.68,正常登錄,資材,順發,67
2026/07/04,中段,72.81,0,29.43,正常登錄,營運,東昇,175
2026/06/07,中段,76.86,28,87.20,正常登錄,製造,力鋼,193
2026/07/25,前段,54.60,180,68.91,已回報,製造,順發,70
2026/06/15,中段,48.06,27,9.68,待確認,營運,永利,5
2026/06/23,前段,56.85,0,20.22,正常登錄,營運,大宏,129
2026/07/10,前段,50.93,79,7.60,正常登錄,研發,力鋼,85
2026/07/05,後段,21.68,137,93.69,已回報,營運,順發,169
2026/07/12,完成,22.43,184,89.51,正常登錄,營運,東昇,181
2026/07/24,完成,42.64,177,80.47,已回報,營運,永利,141
2026/06/13,完成,94.16,0,1.26,待確認,品保,大宏,127
2026/06/07,中段,47.35,233,76.15,正常登錄,資材,大宏,237
2026/07/25,後段,63.37,0,24.66,已回報,製造,東昇,32
2026/07/11,中段,11.94,56,31.92,已回報,研發,東昇,183
2026/07/28,完成,80.46,24,15.22,待確認,製造,永利,14
2026/06/04,完成,22.61,0,95.44,正常登錄,製造,捷欣,124
2026/07/04,中段,88.24,90,59.92,正常登錄,研發,永利,200
2026/07/10,中段,68.32,184,70.05,正常登錄,研發,東昇,54
2026/06/23,完成,58.65,0,3.91,待確認,研發,力鋼,38
2026/06/15,完成,75.46,51,9.38,正常登錄,製造,永利,111
2026/07/27,中段,44.66,193,53.19,待確認,品保,順發,126
2026/07/14,後段,78.66,146,0.32,正常登錄,研發,大宏,14
2026/06/14,前段,62.51,0,72.22,正常登錄,品保,捷欣,67
2026/06/27,中段,22.21,0,97.32,正常登錄,研發,力鋼,110
2026/06/19,完成,2.92,14,52.36,正常登錄,營運,捷欣,146
2026/06/28,完成,68.14,35,29.91,待確認,品保,力鋼,11
2026/06/23,後段,18.73,0,8.49,已回報,營運,永利,240
2026/06/03,後段,56.97,10,34.42,待確認,研發,力鋼,155
2026/07/15,中段,59.36,0,94.47,正常登錄,研發,順發,52
2026/07/25,中段,37.71,226,97.34,正常登錄,製造,力鋼,203
2026/06/07,後段,94.93,131,39.06,正常登錄,研發,大宏,178
2026/07/29,中段,2.26,178,7.98,已回報,製造,大宏,113
2026/07/06,完成,19.35,196,92.08,已回報,品保,東昇,56
2026/06/09,後段,22.96,83,71.40,已回報,資材,大宏,174
2026/06/28,中段,20.36,47,97.18,已回報,研發,永利,83
2026/06/16,完成,22.68,148,38.87,正常登錄,品保,東昇,221
2026/07/28,完成,27.42,227,61.21,正常登錄,營運,大宏,64
2026/06/07,中段,69.86,85,95.90,待確認,品保,東昇,184
2026/07/17,後段,17.53,13,97.00,正常登錄,研發,捷欣,75
2026/06/14,中段,87.63,214,77.98,待確認,資材,大宏,89
2026/07/23,完成,6.90,195,39.97,正常登錄,資材,大宏,70
2026/07/06,完成,7.52,99,1.73,已回報,營運,力鋼,189
2026/07/07,後段,44.37,192,2.63,正常登錄,品保,永利,105
2026/06/05,完成,12.86,100,57.95,正常登錄,資材,永利,163
2026/07/26,中段,36.31,0,58.56,正常登錄,研發,大宏,49
2026/06/15,後段,46.89,222,96.16,正常登錄,研發,東昇,59
2026/07/02,中段,4.29,56,75.29,正常登錄,品保,大宏,207
2026/07/07,中段,2.60,0,65.92,正常登錄,研發,捷欣,215
2026/07/17,後段,41.21,177,34.70,正常登錄,品保,力鋼,108
2026/06/21,後段,69.75,133,65.25,正常登錄,資材,順發,135
2026/07/21,完成,39.35,67,40.68,正常登錄,製造,順發,210
2026/06/01,中段,96.63,176,53.77,正常登錄,研發,東昇,191
2026/06/01,前段,28.53,46,20.37,正常登錄,品保,順發,56
2026/07/21,中段,78.20,0,62.45,待確認,研發,力鋼,195
2026/07/01,完成,7.08,0,77.20,已回報,營運,捷欣,168
2026/07/13,後段,18.37,0,24.28,正常登錄,品保,捷欣,110
2026/07/21,完成,30.67,165,48.74,正常登錄,資材,捷欣,97
2026/07/12,中段,59.43,149,56.20,待確認,研發,大宏,77
2026/07/21,中段,11.96,61,33.70,正常登錄,資材,順發,65
2026/07/19,中段,52.08,0,12.20,正常登錄,營運,永利,186
2026/07/10,中段,16.83,49,31.32,已回報,研發,力鋼,7
2026/07/22,中段,10.37,164,24.37,已回報,研發,順發,127
2026/07/07,後段,36.08,72,81.35,已回報,營運,東昇,192
2026/07/26,後段,43.64,202,59.39,正常登錄,資材,順發,177
2026/07/25,中段,84.24,203,43.89,正常登錄,資材,捷欣,181
2026/07/27,中段,54.94,207,88.45,已回報,研發,永利,162
2026/07/10,完成,6.26,0,2.60,正常登錄,品保,捷欣,60
2026/07/27,完成,41.69,168,28.06,已回報,研發,順發,35
2026/07/02,完成,30.89,0,16.40,已回報,品保,東昇,23
2026/07/25,中段,82.24,0,89.40,正常登錄,資材,永利,237
2026/06/14,後段,72.04,80,48.93,正常登錄,品保,順發,103
2026/06/08,前段,73.62,30,80.95,正常登錄,資材,捷欣,26
2026/06/22,完成,28.57,17,74.41,待確認,製造,永利,105
2026/07/15,完成,96.66,0,61.61,正常登錄,研發,永利,222
2026/06/26,後段,0.82,8,54.53,正常登錄,營運,大宏,55
2026/06/07,後段,51.24,0,51.77,正常登錄,研發,永利,159
2026/06/30,完成,89.09,0,69.91,正常登錄,品保,順發,123
2026/06/26,前段,85.58,23,68.28,待確認,營運,順發,36
2026/06/07,前段,10.58,206,30.19,正常登錄,品保,力鋼,103
2026/07/21,後段,96.98,174,15.02,正常登錄,製造,力鋼,34
2026/07/11,前段,67.16,160,60.77,正常登錄,品保,大宏,65
2026/06/10,完成,62.83,118,44.72,正常登錄,品保,順發,26
2026/07/20,後段,39.87,98,39.99,已回報,製造,順發,86
2026/07/13,前段,31.50,0,27.00,正常登錄,資材,捷欣,113
2026/07/24,中段,57.41,134,52.76,待確認,製造,永利,134
2026/06/22,完成,65.64,70,9.19,正常登錄,品保,力鋼,109
2026/06/05,中段,87.26,0,9.54,正常登錄,製造,大宏,72
2026/07/26,前段,52.07,175,88.18,正常登錄,營運,力鋼,107
2026/07/20,後段,64.30,0,36.30,正常登錄,研發,捷欣,164
2026/06/13,中段,6.45,144,71.69,已回報,品保,大宏,15
2026/06/04,後段,61.01,235,36.35,正常登錄,製造,東昇,200
2026/06/23,完成,88.16,144,46.74,正常登錄,營運,順發,204
2026/07/04,前段,81.75,42,87.13,已回報,品保,力鋼,104
2026/06/22,中段,62.86,0,90.75,已回報,研發,順發,95
2026/07/13,後段,27.11,46,27.33,正常登錄,製造,東昇,32
2026/07/30,後段,0.99,164,26.01,正常登錄,營運,順發,85
2026/07/02,後段,92.01,78,38.13,正常登錄,製造,東昇,226
2026/07/25,前段,42.31,205,8.57,待確認,營運,順發,77
2026/06/15,完成,82.96,234,12.51,已回報,資材,力鋼,62
2026/06/16,完成,48.37,0,80.12,正常登錄,研發,東昇,203
2026/06/26,完成,22.50,217,32.79,正常登錄,製造,捷欣,134
2026/07/27,後段,24.57,235,22.19,正常登錄,製造,捷欣,30
2026/07/14,中段,79.85,214,26.64,正常登錄,品保,永利,234
2026/06/14,前段,89.59,12,25.88,已回報,品保,東昇,196
2026/07/01,後段,54.56,201,34.58,待確認,營運,捷欣,183
2026/06/06,完成,82.01,192,22.31,正常登錄,資材,捷欣,146
2026/06/16,前段,30.14,89,81.91,待確認,品保,東昇,118
2026/07/19,前段,0.57,4,93.85,正常登錄,製造,捷欣,23
2026/07/08,完成,41.84,0,26.29,正常登錄,製造,力鋼,217
2026/06/17,前段,93.24,0,63.09,待確認,品保,東昇,78
2026/06/23,前段,46.83,182,88.85,正常登錄,營運,大宏,236
2026/06/28,後段,28.71,142,97.31,已回報,品保,大宏,32
2026/06/03,前段,0.30,153,95.94,正常登錄,營運,永利,191
2026/07/08,後段,94.07,0,53.26,正常登錄,品保,東昇,164
2026/06/13,前段,19.37,85,34.37,已回報,品保,永利,164
2026/06/03,前段,86.68,0,14.76,正常登錄,製造,永利,34
2026/07/15,完成,30.60,0,8.47,待確認,品保,順發,173
2026/06/30,後段,41.49,0,78.00,已回報,製造,順發,205
2026/07/07,後段,8.35,124,91.17,正常登錄,資材,永利,60
2026/07/08,中段,6.31,3,80.38,已回報,營運,力鋼,192
2026/07/18,前段,6.14,232,27.22,已回報,研發,永利,219
2026/07/20,後段,36.32,92,29.89,待確認,研發,東昇,7
2026/06/21,完成,63.61,98,71.33,已回報,資材,順發,196
2026/06/08,前段,22.24,0,53.99,正常登錄,品保,東昇,93
2026/06/01,後段,28.36,6,61.67,待確認,品保,力鋼,129
2026/06/24,前段,88.60,195,68.22,正常登錄,營運,捷欣,47
2026/06/17,完成,31.27,169,73.76,正常登錄,製造,大宏,69
2026/06/09,後段,33.67,0,96.60,待確認,品保,力鋼,207
2026/06/29,中段,65.80,52,84.68,待確認,資材,大宏,145
2026/07/08,後段,70.14,0,42.29,已回報,製造,大宏,139
2026/06/14,中段,35.07,0,38.00,待確認,研發,大宏,175
2026/06/25,完成,0.77,3,80.94,正常登錄,營運,力鋼,4
2026/06/10,完成,10.37,0,45.22,待確認,資材,永利,113
2026/07/21,前段,25.82,0,15.85,正常登錄,研發,力鋼,143
2026/07/09,後段,56.00,206,28.05,已回報,製造,順發,228
2026/06/09,中段,63.17,136,55.59,正常登錄,製造,東昇,229
2026/07/14,前段,1.26,42,55.92,正常登錄,製造,永利,231
2026/07/20,完成,10.09,0,74.13,待確認,研發,東昇,117
2026/07/19,中段,61.40,162,0.60,正常登錄,品保,永利,14
2026/07/22,中段,50.02,0,51.26,已回報,品保,大宏,196
2026/07/26,完成,4.17,167,60.37,正常登錄,製造,力鋼,158
2026/06/05,中段,95.86,73,90.69,已回報,營運,捷欣,225
2026/07/10,完成,71.20,101,70.61,正常登錄,製造,永利,52
2026/06/15,完成,46.96,140,59.14,正常登錄,營運,大宏,162
2026/06/25,中段,66.86,109,28.48,已回報,品保,順發,219
2026/06/06,中段,61.72,70,56.88,已回報,品保,大宏,60
2026/06/08,完成,11.59,155,54.15,已回報,製造,永利,130
2026/06/11,完成,90.83,66,36.82,待確認,製造,大宏,196
2026/06/22,前段,32.38,0,41.67,正常登錄,製造,力鋼,146
2026/06/28,中段,84.72,114,58.43,正常登錄,製造,大宏,128
2026/07/22,中段,78.59,65,2.50,正常登錄,營運,力鋼,149
2026/07/23,中段,64.66,0,32.50,待確認,資材,順發,167
2026/06/07,前段,46.99,224,1.41,正常登錄,資材,捷欣,158
2026/07/21,前段,62.55,15,63.98,正常登錄,營運,永利,83
2026/07/08,中段,6.41,168,13.22,正常登錄,資材,東昇,232
2026/06/10,中段,79.74,71,7.50,待確認,資材,東昇,235
2026/07/30,中段,0.93,6,6.17,待確認,品保,大宏,60
2026/06/11,後段,57.26,0,36.16,待確認,研發,捷欣,36
2026/07/05,前段,63.79,218,52.12,已回報,製造,大宏,11
2026/07/22,後段,43.56,0,91.05,已回報,品保,順發,165
2026/06/23,完成,42.84,226,52.92,正常登錄,品保,捷欣,27
2026/06/05,中段,71.83,16,48.61,正常登錄,研發,大宏,25
2026/06/26,中段,75.81,121,45.72,正常登錄,營運,力鋼,87
2026/06/03,完成,1.28,59,45.91,待確認,營運,永利,203
2026/07/20,前段,79.22,0,73.80,正常登錄,研發,順發,237
2026/07/09,後段,76.08,0,19.58,正常登錄,製造,捷欣,71
2026/07/28,後段,89.96,210,12.34,正常登錄,營運,力鋼,92
2026/07/24,完成,58.56,238,80.17,待確認,資材,捷欣,216
2026/06/09,後段,24.50,183,65.92,正常登錄,製造,順發,228
2026/07/16,前段,27.07,139,61.16,已回報,營運,永利,2
2026/07/30,前段,57.17,0,10.63,正常登錄,品保,捷欣,113
2026/06/20,中段,4.75,0,44.52,正常登錄,資材,永利,47
2026/06/18,中段,48.38,42,61.13,待確認,品保,東昇,170
2026/07/10,中段,31.26,24,68.08,待確認,研發,東昇,59
2026/06/20,完成,39.24,162,87.92,正常登錄,資材,東昇,176
2026/07/15,完成,37.95,195,84.83,正常登錄,營運,永利,210
2026/06/12,前段,95.02,203,97.46,已回報,營運,東昇,12
2026/07/28,中段,0.86,1,74.64,正常登錄,品保,力鋼,11
2026/06/16,後段,20.54,109,10.36,正常登錄,品保,順發,80
2026/06/08,中段,1.66,86,65.16,正常登錄,品保,順發,78
2026/07/27,後段,4.60,174,49.06,已回報,研發,順發,216
2026/06/28,前段,86.05,145,45.42,正常登錄,品保,順發,40
2026/06/28,前段,53.79,181,56.98,正常登錄,研發,捷欣,119
2026/07/25,完成,19.86,225,76.59,正常登錄,資材,永利,209
2026/07/03,完成,15.69,111,41.38,正常登錄,營運,大宏,3
2026/07/11,後段,88.97,0,22.94,正常登錄,研發,順發,146
2026/06/02,後段,5.59,239,23.26,正常登錄,製造,大宏,236
2026/06/07,後段,12.66,0,14.92,正常登錄,資材,力鋼,224
2026/07/04,中段,20.74,154,20.12,待確認,資材,順發,196
2026/07/12,完成,45.10,99,93.76,正常登錄,研發,順發,86
2026/06/09,中段,42.99,187,31.17,已回報,資材,大宏,163
2026/06/02,完成,87.57,155,2.01,正常登錄,製造,永利,116
2026/06/24,完成,70.49,163,75.24,待確認,研發,東昇,220
2026/06/13,後段,12.73,0,75.78,正常登錄,品保,大宏,30
2026/07/05,中段,53.93,47,72.75,正常登錄,品保,永利,200
2026/06/24,後段,65.54,196,36.36,正常登錄,研發,捷欣,170
2026/07/08,後段,61.19,82,63.57,正常登錄,研發,東昇,10
2026/06/21,前段,48.97,231,89.40,正常登錄,製造,大宏,105
2026/07/05,完成,69.26,147,58.60,已回報,資材,捷欣,104
2026/06/24,完成,85.68,65,42.87,待確認,資材,順發,29
2026/06/18,中段,54.82,78,73.24,已回報,營運,永利,234
2026/06/16,中段,53.63,125,11.06,正常登錄,製造,東昇,144
2026/07/23,後段,0.66,3,5.27,正常登錄,製造,捷欣,191
2026/07/18,中段,17.09,67,29.25,正常登錄,品保,東昇,79
2026/07/12,中段,86.34,0,95.70,待確認,製造,東昇,197
2026/07/14,中段,44.33,154,50.23,待確認,製造,力鋼,105
2026/07/24,前段,24.46,105,42.74,正常登錄,資材,捷欣,226
2026/07/22,中段,36.62,49,78.08,正常登錄,研發,大宏,110
2026/07/30,完成,24.03,15,89.53,已回報,製造,東昇,131
2026/06/04,前段,23.31,240,29.65,正常登錄,製造,捷欣,214
2026/06/30,中段,38.28,0,2.99,正常登錄,資材,東昇,203
2026/07/05,前段,5.61,56,85.42,正常登錄,資材,東昇,60
2026/06/22,中段,59.21,0,27.39,正常登錄,營運,大宏,83
2026/06/17,後段,96.88,227,15.77,已回報,營運,順發,69
2026/07/10,前段,18.94,201,40.03,正常登錄,製造,大宏,212
2026/06/04,後段,56.81,214,38.72,正常登錄,營運,東昇,98
2026/07/09,後段,44.12,0,3.60,正常登錄,營運,捷欣,11
2026/06/15,前段,55.09,147,23.28,待確認,研發,永利,158
2026/07/07,後段,30.91,0,96.21,正常登錄,研發,東昇,115
2026/07/13,後段,40.08,128,30.33,待確認,品保,捷欣,23
2026/07/28,後段,80.79,100,10.48,正常登錄,資材,東昇,183
2026/06/11,後段,18.92,0,64.99,正常登錄,品保,捷欣,47
2026/06/23,完成,2.61,220,34.46,待確認,研發,力鋼,103
2026/06/02,後段,18.55,0,69.54,正常登錄,營運,東昇,166
2026/06/25,中段,90.10,214,66.50,待確認,製造,力鋼,103
2026/06/30,前段,18.30,0,8.25,正常登錄,製造,東昇,79
2026/07/10,完成,48.75,175,22.83,已回報,研發,大宏,182
2026/06/21,後段,0.70,0,34.23,待確認,資材,力鋼,140
2026/06/11,中段,67.87,32,86.04,正常登錄,製造,東昇,69
2026/06/15,前段,6.97,0,27.24,正常登錄,研發,東昇,59
2026/06/25,完成,85.28,165,75.56,待確認,營運,捷欣,228
2026/06/13,前段,90.26,151,94.36,正常登錄,營運,大宏,30
2026/06/19,前段,30.12,207,17.02,已回報,資材,大宏,16
2026/07/04,完成,23.84,136,41.85,正常登錄,製造,永利,119
2026/07/09,前段,7.22,235,75.48,已回報,營運,力鋼,125
2026/07/16,中段,93.60,0,65.35,正常登錄,資材,順發,46
2026/06/17,中段,57.88,0,88.49,正常登錄,營運,東昇,19
2026/07/27,後段,55.30,0,34.28,已回報,資材,力鋼,63
2026/06/23,後段,84.35,30,53.93,待確認,營運,永利,235
2026/07/12,前段,93.21,60,29.11,待確認,品保,永利,226
2026/06/18,中段,36.74,0,30.66,待確認,資材,永利,76
2026/06/15,前段,12.16,187,4.87,待確認,營運,捷欣,78
2026/06/16,後段,76.56,32,35.90,正常登錄,品保,順發,62
2026/07/18,完成,15.58,18,50.19,待確認,品保,順發,134
2026/06/10,後段,94.36,0,41.73,已回報,營運,順發,76
2026/06/22,中段,24.72,0,61.68,已回報,營運,順發,189
2026/07/21,中段,7.64,97,62.09,已回報,品保,大宏,11
2026/06/12,中段,11.53,169,48.19,正常登錄,資材,大宏,189
2026/06/14,完成,22.10,143,33.55,正常登錄,資材,東昇,108
2026/06/19,後段,67.90,205,38.89,正常登錄,研發,大宏,51
2026/06/11,完成,15.51,0,45.70,正常登錄,品保,捷欣,110
2026/06/19,前段,34.90,212,26.66,已回報,資材,大宏,88
2026/06/25,中段,82.35,0,81.56,正常登錄,資材,順發,133
2026/07/26,後段,10.26,123,45.88,正常登錄,製造,力鋼,157
2026/07/01,後段,49.76,109,13.89,正常登錄,製造,順發,1
2026/07/10,前段,34.16,0,32.84,正常登錄,資材,東昇,148
2026/06/01,後段,3.46,0,84.10,正常登錄,資材,東昇,12
2026/06/02,前段,53.97,58,61.77,待確認,製造,捷欣,38
2026/06/16,前段,11.34,218,28.38,正常登錄,資材,力鋼,149
2026/07/13,後段,88.00,90,17.10,正常登錄,製造,東昇,159
2026/06/25,完成,47.24,0,46.73,正常登錄,資材,捷欣,211
2026/06/24,中段,10.84,105,63.97,待確認,製造,東昇,101
2026/07/17,後段,82.38,113,87.92,待確認,製造,永利,25
2026/06/18,完成,17.03,162,11.62,正常登錄,營運,力鋼,9
2026/06/20,完成,26.03,130,59.77,正常登錄,資材,捷欣,45
2026/06/02,完成,64.80,0,18.48,待確認,資材,大宏,30
2026/07/09,中段,15.52,165,43.59,已回報,營運,永利,77
2026/06/17,前段,67.46,0,42.75,正常登錄,營運,永利,240
2026/07/26,後段,28.71,0,75.44,正常登錄,製造,力鋼,68
2026/07/24,後段,60.78,93,31.38,正常登錄,品保,永利,83
2026/06/14,前段,58.13,62,18.01,正常登錄,營運,力鋼,32
2026/07/22,前段,34.06,139,31.08,已回報,製造,力鋼,113
2026/07/30,後段,78.51,216,82.42,正常登錄,資材,順發,76
2026/06/30,中段,97.54,206,32.39,正常登錄,資材,永利,87
2026/07/20,中段,2.87,165,29.11,待確認,營運,力鋼,199
2026/06/15,完成,52.54,64,73.67,待確認,研發,順發,98
2026/07/23,中段,39.90,0,76.99,待確認,營運,東昇,125
2026/07/12,前段,15.08,0,34.96,正常登錄,研發,東昇,188
2026/07/26,完成,62.38,50,87.95,已回報,製造,東昇,43
2026/07/22,前段,46.33,199,96.81,正常登錄,研發,東昇,156
2026/07/27,前段,25.09,144,80.27,正常登錄,製造,永利,82
2026/06/26,後段,50.82,89,34.78,待確認,製造,力鋼,166
2026/07/23,中段,59.87,139,88.80,已回報,研發,力鋼,170
2026/06/30,中段,53.02,54,70.10,正常登錄,資材,順發,194
2026/07/09,完成,72.27,169,69.09,已回報,研發,永利,90
2026/07/30,中段,75.64,67,26.76,正常登錄,製造,捷欣,3
2026/07/11,前段,46.67,23,21.24,正常登錄,資材,永利,137
2026/06/29,後段,5541.00,0,76.54,正常登錄,資材,捷欣,102
2026/07/15,前段,81.37,0,5.61,正常登錄,研發,捷欣,70
2026/07/05,前段,46.97,15,69.76,已回報,營運,大宏,33
2026/07/16,前段,48.96,89,96.31,正常登錄,品保,力鋼,101
2026/06/19,中段,71.63,0,54.17,待確認,製造,永利,173
2026/06/22,後段,66.34,198,11.15,已回報,營運,大宏,46
2026/06/28,前段,32.22,211,41.34,正常登錄,品保,捷欣,129
2026/07/24,後段,76.10,43,29.80,正常登錄,研發,永利,46
2026/06/17,後段,50.96,168,47.05,正常登錄,品保,順發,120
2026/06/11,中段,45.29,0,66.15,待確認,研發,大宏,109
2026/07/08,後段,74.61,195,0.78,正常登錄,資材,捷欣,235
2026/06/25,完成,41.78,0,50.50,正常登錄,品保,永利,233
2026/07/21,後段,70.66,231,63.59,正常登錄,營運,大宏,51
2026/06/08,完成,5.26,233,45.18,待確認,品保,力鋼,158
2026/07/07,完成,95.92,145,93.06,正常登錄,資材,大宏,111
2026/07/01,完成,0.40,2,97.20,正常登錄,營運,順發,156
2026/06/02,中段,24.08,63,10.75,待確認,營運,力鋼,155
2026/07/15,後段,51.04,62,33.81,待確認,營運,永利,122
2026/07/07,完成,39.71,79,42.77,正常登錄,製造,永利,37
2026/07/07,完成,48.81,197,39.29,已回報,研發,捷欣,97
2026/07/27,完成,31.21,233,33.83,待確認,品保,永利,110
2026/07/14,後段,60.21,143,2.18,已回報,研發,東昇,49
2026/07/20,中段,46.05,161,42.42,正常登錄,品保,東昇,124
2026/06/06,前段,2.52,201,76.63,正常登錄,研發,大宏,29
2026/06/22,中段,59.88,62,80.15,正常登錄,研發,力鋼,109
2026/06/24,前段,72.11,196,1.68,正常登錄,營運,東昇,140
2026/07/10,中段,83.22,235,53.77,正常登錄,製造,順發,218
2026/07/14,中段,44.02,223,89.23,正常登錄,製造,東昇,140
2026/06/22,前段,39.24,131,67.15,正常登錄,品保,順發,184
2026/06/23,完成,19.25,78,37.89,正常登錄,製造,捷欣,163
2026/07/12,後段,59.54,133,73.61,已回報,品保,東昇,153
2026/07/29,前段,94.55,164,20.56,待確認,資材,大宏,136
2026/07/01,完成,42.14,34,71.51,已回報,資材,東昇,113
2026/07/16,後段,49.18,39,84.50,已回報,製造,大宏,117
2026/07/16,後段,24.80,0,14.83,已回報,營運,順發,33
2026/06/10,中段,65.07,0,68.97,待確認,製造,大宏,163
2026/07/16,後段,83.72,0,64.62,正常登錄,研發,順發,222
2026/06/23,中段,36.88,0,68.59,正常登錄,營運,捷欣,84
2026/06/09,中段,19.75,0,18.38,正常登錄,營運,永利,43
2026/06/23,中段,28.01,232,51.65,正常登錄,資材,永利,129
2026/07/21,前段,0.39,2,87.91,正常登錄,資材,力鋼,159
2026/07/29,前段,77.58,119,19.30,正常登錄,品保,東昇,95
2026/07/04,前段,83.48,0,86.78,正常登錄,品保,捷欣,75
2026/07/29,完成,65.58,130,43.93,正常登錄,資材,捷欣,214
2026/07/08,後段,0.68,1,0.54,待確認,品保,捷欣,195
2026/06/21,中段,35.53,0,2.83,已回報,營運,力鋼,144
2026/07/15,中段,66.18,63,68.13,待確認,資材,東昇,30
2026/06/29,前段,24.74,0,89.25,正常登錄,製造,捷欣,88
2026/07/13,完成,74.98,0,9.99,正常登錄,營運,東昇,200
2026/07/30,後段,38.95,0,8.77,已回報,研發,東昇,198
2026/06/17,完成,19.89,0,45.08,正常登錄,營運,東昇,33
2026/07/03,完成,5.57,0,47.57,正常登錄,營運,大宏,212
2026/07/14,完成,46.80,163,91.93,待確認,營運,順發,57
2026/07/01,前段,56.95,0,76.32,正常登錄,資材,順發,155
2026/06/26,中段,48.44,47,7.60,正常登錄,營運,順發,210
2026/06/21,完成,44.55,45,24.82,正常登錄,製造,順發,213
2026/07/24,完成,12.85,10,23.67,已回報,營運,順發,102
2026/06/12,前段,63.97,75,58.88,已回報,營運,力鋼,93
2026/07/09,完成,14.90,42,7.01,正常登錄,營運,永利,106
2026/07/12,完成,42.95,141,90.26,正常登錄,研發,永利,78
2026/06/03,完成,71.54,76,89.88,待確認,品保,永利,104
2026/06/08,中段,35.71,0,47.31,正常登錄,品保,捷欣,127
2026/07/23,前段,69.62,68,38.72,正常登錄,製造,東昇,57
2026/07/09,完成,60.58,228,54.80,正常登錄,營運,順發,216
2026/07/07,中段,58.35,174,35.79,已回報,資材,東昇,18
2026/06/15,前段,90.95,0,10.96,正常登錄,製造,捷欣,33
2026/07/09,中段,32.01,180,29.33,正常登錄,製造,力鋼,230
2026/06/13,中段,86.59,0,10.70,已回報,品保,永利,95
2026/07/29,中段,3.75,97,71.08,正常登錄,研發,永利,88
2026/07/11,中段,72.72,119,30.62,正常登錄,營運,永利,157
2026/07/03,中段,28.96,9,94.42,正常登錄,製造,捷欣,121
2026/06/01,前段,38.41,21,85.04,正常登錄,營運,力鋼,6
2026/06/22,中段,4.51,227,12.63,正常登錄,研發,順發,137
2026/07/22,前段,29.32,220,8.00,正常登錄,製造,東昇,38
2026/06/25,完成,82.50,0,68.01,正常登錄,營運,捷欣,158
2026/06/14,後段,57.93,120,83.54,已回報,資材,順發,150
2026/06/08,中段,48.86,0,70.66,已回報,製造,力鋼,209
2026/07/29,中段,1.23,218,26.61,正常登錄,營運,東昇,213
2026/06/26,前段,61.22,119,85.35,待確認,研發,東昇,100
2026/06/04,前段,92.53,113,40.74,待確認,資材,大宏,191
2026/06/26,前段,53.83,80,62.95,正常登錄,品保,力鋼,32
2026/06/09,中段,51.59,174,16.22,正常登錄,品保,順發,187
2026/06/21,後段,73.08,151,19.92,正常登錄,營運,捷欣,40
2026/06/11,前段,77.37,216,3.08,已回報,品保,東昇,18
2026/06/12,後段,56.14,0,48.13,正常登錄,研發,捷欣,215
2026/07/11,後段,13.54,166,77.83,待確認,資材,力鋼,123
2026/07/16,中段,20.58,0,18.35,正常登錄,資材,東昇,182
2026/07/30,中段,46.44,201,14.68,正常登錄,資材,力鋼,68
2026/07/16,完成,12.16,121,94.75,正常登錄,製造,順發,123
2026/07/05,前段,60.97,0,78.16,正常登錄,製造,永利,62
2026/07/25,完成,91.05,0,75.97,待確認,製造,力鋼,174
2026/06/24,前段,97.12,171,11.28,正常登錄,資材,永利,187
2026/06/22,中段,85.56,0,73.16,待確認,營運,捷欣,34
2026/07/05,中段,8.97,0,53.87,已回報,營運,捷欣,158
2026/07/17,後段,74.61,0,84.60,正常登錄,營運,力鋼,199
2026/06/15,中段,67.80,91,87.89,待確認,製造,捷欣,71
2026/07/27,前段,19.26,201,86.40,已回報,資材,力鋼,171
2026/07/09,後段,28.01,217,69.91,已回報,製造,永利,137
2026/07/23,後段,44.50,132,58.52,待確認,營運,力鋼,75
2026/07/11,前段,16.68,0,45.06,待確認,品保,永利,199
2026/07/17,中段,0.62,6,12.04,正常登錄,研發,東昇,185
2026/07/20,中段,21.34,0,0.55,已回報,製造,永利,144
2026/07/09,後段,80.43,184,23.14,正常登錄,製造,永利,240
2026/07/06,後段,89.20,120,78.72,待確認,研發,東昇,131
2026/06/25,完成,88.45,72,26.79,已回報,品保,大宏,143
2026/07/13,前段,51.80,0,14.96,已回報,資材,大宏,176
2026/07/08,前段,62.59,154,16.32,正常登錄,研發,順發,148
2026/06/15,中段,22.45,85,97.03,正常登錄,資材,順發,234
2026/06/19,完成,80.93,99,36.48,已回報,資材,東昇,237
2026/06/18,前段,62.69,222,22.46,正常登錄,營運,永利,66
2026/07/05,中段,57.85,0,22.78,正常登錄,營運,力鋼,12
2026/06/20,中段,51.28,185,23.69,已回報,品保,力鋼,113
2026/07/04,前段,19.75,0,47.75,待確認,研發,東昇,5
2026/06/25,完成,11.27,35,28.07,待確認,營運,東昇,1
2026/07/18,中段,0.58,3,57.06,正常登錄,製造,力鋼,26
2026/07/02,前段,54.99,70,1.89,待確認,研發,永利,212
2026/07/07,後段,12.32,0,60.13,正常登錄,研發,力鋼,206
2026/07/07,完成,78.40,203,78.48,正常登錄,研發,捷欣,67
2026/06/29,前段,31.33,0,9.78,正常登錄,資材,捷欣,222
2026/07/27,後段,23.50,71,53.25,正常登錄,研發,順發,206
2026/07/05,前段,73.14,83,8.66,正常登錄,品保,大宏,105
2026/06/08,後段,60.23,9,47.23,待確認,製造,東昇,181
2026/07/02,前段,61.54,0,38.02,正常登錄,品保,力鋼,224
2026/07/28,中段,47.02,204,18.02,正常登錄,資材,永利,185
2026/07/23,後段,59.58,164,35.04,正常登錄,營運,永利,122
2026/07/01,完成,59.23,99,96.79,待確認,資材,東昇,84
2026/06/19,前段,36.43,25,72.94,已回報,品保,東昇,127
2026/06/17,完成,38.12,144,52.41,已回報,製造,大宏,200
2026/07/06,後段,12.74,233,37.29,正常登錄,品保,永利,103
2026/07/03,前段,70.53,49,21.05,正常登錄,品保,大宏,12
2026/06/11,前段,8.88,130,70.36,待確認,資材,永利,52
2026/06/29,中段,71.70,220,30.33,正常登錄,營運,永利,171
2026/07/28,完成,38.33,0,74.68,正常登錄,品保,永利,46
2026/06/17,後段,45.39,193,61.14,待確認,製造,永利,130
2026/06/02,中段,45.91,26,17.26,正常登錄,資材,大宏,187
2026/06/28,完成,38.36,129,79.47,已回報,營運,順發,221
2026/07/12,後段,0.54,98,81.98,正常登錄,製造,大宏,71
2026/06/19,完成,79.99,0,3.38,正常登錄,研發,永利,167
2026/06/14,前段,69.16,0,37.82,已回報,製造,大宏,202
2026/07/15,完成,10.85,227,89.95,正常登錄,營運,順發,207
2026/06/08,完成,30.77,0,79.49,正常登錄,製造,捷欣,71
2026/06/20,完成,52.87,80,37.06,待確認,營運,東昇,24
2026/06/08,完成,14.30,236,45.36,正常登錄,資材,永利,31
2026/07/29,前段,32.62,65,50.58,已回報,營運,永利,193
2026/07/14,完成,26.98,177,90.95,正常登錄,資材,大宏,124
2026/06/11,完成,6.18,0,17.25,已回報,品保,力鋼,214
2026/07/23,前段,34.57,0,24.44,正常登錄,製造,捷欣,147
2026/07/09,完成,51.77,180,74.88,待確認,研發,捷欣,187
2026/07/02,後段,48.79,181,56.53,已回報,研發,永利,68
2026/06/04,前段,83.13,145,23.37,待確認,資材,順發,157
2026/06/25,中段,13.09,237,59.65,正常登錄,製造,捷欣,164
2026/06/30,後段,6.54,0,31.56,待確認,製造,捷欣,85
2026/07/13,完成,26.01,194,37.72,正常登錄,研發,東昇,126
2026/07/23,完成,82.13,118,23.12,已回報,品保,捷欣,138
2026/07/05,後段,68.64,0,40.68,正常登錄,營運,力鋼,220
2026/07/06,前段,9.90,98,25.84,正常登錄,研發,大宏,117
2026/07/06,中段,82.07,80,91.40,待確認,品保,順發,151
2026/07/11,前段,12.15,97,20.25,已回報,營運,大宏,105
2026/06/22,完成,39.56,48,11.62,正常登錄,品保,大宏,189
2026/07/08,中段,72.31,33,89.76,正常登錄,研發,順發,38
2026/07/08,完成,96.40,0,83.94,正常登錄,營運,順發,46
2026/07/10,後段,96.56,144,16.99,正常登錄,製造,大宏,107
2026/06/17,中段,24.01,121,48.17,正常登錄,研發,順發,17
2026/07/24,前段,30.73,79,26.96,已回報,製造,東昇,177
2026/07/15,完成,54.05,188,47.71,正常登錄,品保,大宏,222
2026/06/23,前段,52.44,82,12.10,正常登錄,品保,捷欣,228
2026/06/03,中段,62.43,217,18.10,已回報,營運,捷欣,196
2026/06/06,前段,11.29,188,55.17,正常登錄,製造,捷欣,91
2026/06/23,中段,69.02,129,17.12,已回報,製造,力鋼,15
2026/07/21,完成,78.61,15,10.72,正常登錄,製造,力鋼,87
2026/06/19,前段,7.96,154,85.38,待確認,營運,東昇,48
2026/06/07,後段,15.85,23,81.00,正常登錄,營運,永利,7
2026/07/09,後段,12.94,28,18.82,正常登錄,研發,大宏,183
2026/06/29,中段,92.64,0,57.63,正常登錄,營運,東昇,71
2026/06/21,完成,28.30,142,32.39,待確認,研發,永利,207
2026/07/06,完成,16.62,235,72.70,正常登錄,製造,捷欣,160
2026/06/10,完成,43.16,0,76.65,待確認,研發,東昇,212
2026/07/08,中段,39.89,166,6.77,待確認,營運,大宏,48
2026/06/06,完成,96.82,0,60.07,正常登錄,資材,永利,80
2026/06/27,後段,46.11,176,90.46,正常登錄,製造,東昇,136
2026/06/13,中段,84.55,81,61.75,正常登錄,營運,東昇,88
2026/07/29,後段,97.17,0,82.28,待確認,製造,永利,155
2026/06/23,中段,24.64,206,17.29,正常登錄,品保,捷欣,221
2026/06/08,後段,2.08,63,8.49,正常登錄,製造,力鋼,236
2026/06/03,完成,15.20,0,57.81,待確認,研發,大宏,98
2026/06/17,後段,5.63,230,7.59,正常登錄,資材,大宏,27
2026/06/28,完成,10.68,34,97.75,正常登錄,品保,力鋼,106
2026/06/01,前段,3.56,0,26.37,正常登錄,研發,力鋼,180
2026/07/09,後段,22.63,16,19.54,待確認,資材,捷欣,103
2026/07/05,中段,73.75,0,51.81,正常登錄,資材,東昇,40
2026/06/14,後段,85.66,100,2.64,已回報,品保,順發,149
2026/06/07,前段,9.89,47,94.76,正常登錄,營運,力鋼,90
2026/06/11,後段,23.62,20,43.20,正常登錄,營運,順發,234
2026/06/22,前段,76.24,148,12.87,待確認,研發,大宏,92
2026/07/07,前段,16.87,202,59.39,已回報,資材,東昇,137
2026/07/29,完成,59.18,45,55.86,已回報,品保,永利,197
2026/06/15,後段,92.63,157,66.27,已回報,品保,捷欣,72
2026/06/18,後段,59.02,39,72.37,待確認,品保,大宏,122
2026/07/04,中段,6.63,127,55.80,正常登錄,品保,捷欣,131
2026/07/09,中段,46.45,0,31.36,待確認,品保,順發,51
2026/07/17,後段,53.49,41,52.81,正常登錄,資材,大宏,215
2026/07/19,完成,44.17,0,48.34,正常登錄,營運,順發,129
2026/07/18,中段,85.91,97,21.42,已回報,品保,捷欣,197
2026/06/17,後段,0.29,2,47.20,正常登錄,資材,力鋼,91
2026/07/12,後段,59.04,222,97.76,待確認,資材,大宏,152
2026/06/06,完成,33.61,49,37.30,正常登錄,品保,大宏,237
2026/06/27,完成,63.16,214,11.37,待確認,製造,順發,64
2026/06/07,完成,62.32,106,83.33,待確認,營運,永利,238
2026/06/04,完成,93.50,143,58.90,正常登錄,品保,東昇,41
2026/07/12,完成,11.82,194,73.00,待確認,品保,永利,141
2026/07/02,前段,59.87,129,62.20,待確認,品保,順發,132
2026/07/12,後段,16.84,0,90.05,正常登錄,營運,大宏,234
2026/07/06,完成,94.37,165,47.82,正常登錄,研發,順發,86
2026/07/14,後段,8.41,92,15.53,正常登錄,研發,捷欣,106
2026/07/08,前段,82.29,181,58.65,正常登錄,營運,捷欣,133
2026/07/19,中段,15.14,179,89.29,待確認,研發,東昇,38
2026/06/09,中段,17.36,237,38.42,正常登錄,製造,順發,217
2026/06/12,完成,36.02,0,24.68,正常登錄,研發,力鋼,85
2026/06/29,完成,24.05,225,77.60,已回報,製造,順發,6
2026/06/06,前段,19.21,0,84.28,正常登錄,製造,力鋼,110
2026/07/28,中段,41.96,88,78.82,已回報,品保,順發,189
2026/06/01,前段,5.95,126,24.07,待確認,研發,大宏,81
2026/07/08,完成,35.12,92,67.97,正常登錄,資材,東昇,106
2026/07/22,中段,43.31,108,20.55,正常登錄,資材,東昇,119
2026/07/27,前段,25.36,209,18.49,正常登錄,資材,力鋼,199
2026/07/05,中段,82.03,22,43.87,待確認,資材,大宏,71
2026/07/24,完成,13.54,0,29.40,正常登錄,製造,大宏,45
2026/06/24,中段,56.04,0,55.06,正常登錄,品保,大宏,239
2026/06/28,完成,76.79,0,92.51,正常登錄,製造,力鋼,111
2026/07/06,後段,17.24,52,85.97,正常登錄,營運,永利,182
2026/07/17,中段,48.53,0,44.70,正常登錄,研發,順發,136
2026/06/29,前段,79.34,154,85.15,正常登錄,製造,力鋼,137
2026/06/28,前段,59.24,0,27.82,待確認,研發,力鋼,237
2026/06/14,後段,25.22,65,2.90,正常登錄,資材,大宏,118
2026/06/25,後段,19.82,0,32.32,已回報,營運,捷欣,138
2026/07/29,完成,20.49,0,13.55,已回報,資材,捷欣,39
2026/07/09,中段,34.78,0,16.16,已回報,研發,大宏,165
2026/07/17,前段,14.58,81,35.90,正常登錄,品保,永利,113
2026/07/22,後段,76.38,87,40.01,正常登錄,營運,永利,175
2026/07/26,中段,70.64,0,93.83,正常登錄,品保,永利,188
2026/06/19,中段,29.92,136,57.13,正常登錄,品保,東昇,169
2026/06/20,中段,88.52,92,57.42,待確認,製造,永利,52
2026/07/19,後段,90.11,0,58.55,已回報,資材,東昇,54
2026/07/18,前段,54.90,0,83.37,正常登錄,製造,順發,119
2026/07/07,後段,27.12,46,23.98,正常登錄,研發,永利,209
2026/07/14,後段,25.98,0,54.68,正常登錄,營運,捷欣,219
2026/07/04,後段,89.31,158,11.11,待確認,品保,東昇,39
2026/06/23,完成,34.16,39,52.08,正常登錄,研發,東昇,56
2026/07/06,完成,78.77,0,89.05,已回報,製造,永利,199
2026/06/10,前段,79.14,38,80.89,正常登錄,品保,捷欣,165
2026/06/19,前段,7.17,206,49.74,已回報,研發,東昇,193
2026/06/04,完成,66.38,98,86.01,正常登錄,營運,捷欣,71
2026/07/21,完成,77.03,0,26.90,已回報,製造,順發,70
2026/06/03,完成,10.16,226,23.43,待確認,製造,東昇,8
2026/07/18,中段,73.79,0,11.53,正常登錄,研發,捷欣,124
2026/07/18,中段,25.65,155,35.83,正常登錄,資材,捷欣,198
2026/06/09,前段,18.50,0,63.32,已回報,資材,東昇,178
2026/06/26,前段,14.86,0,79.47,待確認,資材,力鋼,152
2026/06/17,中段,96.95,220,31.22,已回報,製造,力鋼,177
2026/06/13,完成,50.09,137,41.27,待確認,資材,東昇,34
2026/07/01,中段,39.59,219,89.03,正常登錄,品保,東昇,105
2026/07/01,中段,25.41,169,67.94,正常登錄,研發,捷欣,167
2026/06/14,後段,82.54,196,20.87,正常登錄,營運,永利,52
2026/07/16,中段,36.33,141,39.69,正常登錄,營運,力鋼,31
2026/06/18,前段,20.20,211,3.82,正常登錄,研發,東昇,7
2026/06/09,前段,75.12,142,34.54,正常登錄,品保,東昇,60
2026/06/15,後段,93.45,173,25.55,待確認,品保,捷欣,191
2026/07/20,後段,40.33,78,41.44,已回報,品保,順發,81
2026/07/26,完成,51.78,26,10.95,正常登錄,營運,大宏,145
2026/06/27,完成,5.90,229,59.26,正常登錄,資材,順發,20
2026/06/16,中段,72.81,34,55.55,待確認,營運,順發,149
2026/07/23,後段,42.84,115,58.77,已回報,資材,東昇,50
2026/06/21,前段,4.09,183,12.38,正常登錄,研發,東昇,108
2026/06/13,前段,6.06,27,45.82,已回報,營運,大宏,157
2026/07/02,後段,24.19,40,68.35,已回報,研發,捷欣,70
2026/07/12,完成,72.50,188,21.76,已回報,研發,捷欣,80
2026/06/30,中段,74.58,143,67.66,待確認,資材,大宏,164
2026/07/25,前段,48.55,20,40.70,正常登錄,研發,大宏,23
2026/07/16,中段,28.54,0,45.16,正常登錄,製造,大宏,69
2026/06/09,前段,87.33,97,94.03,正常登錄,資材,力鋼,170
2026/06/22,前段,80.00,115,77.27,待確認,製造,順發,192
2026/07/27,完成,65.31,0,70.47,正常登錄,製造,大宏,170
2026/07/16,完成,8.59,0,73.49,正常登錄,品保,捷欣,76
2026/06/30,後段,21.99,159,8.65,正常登錄,製造,捷欣,37
2026/06/26,後段,88.18,194,70.91,待確認,研發,順發,157
2026/07/17,前段,56.79,17,45.60,正常登錄,資材,永利,201
2026/06/06,前段,19.87,4,18.80,已回報,資材,力鋼,186
2026/06/04,前段,5.72,191,58.87,已回報,製造,大宏,187
2026/07/14,中段,53.86,234,61.53,待確認,製造,大宏,189
2026/06/17,前段,2.88,105,58.11,正常登錄,營運,順發,35
2026/07/11,完成,76.43,228,48.62,正常登錄,製造,順發,2
2026/06/27,中段,23.02,0,78.11,正常登錄,營運,力鋼,240
2026/07/27,中段,56.14,69,46.32,已回報,營運,大宏,88
2026/06/07,後段,68.39,180,12.03,正常登錄,營運,順發,151
2026/07/30,完成,8.06,158,60.56,正常登錄,營運,東昇,112
2026/06/21,前段,14.40,114,18.58,正常登錄,品保,永利,32
2026/07/01,前段,28.60,170,19.75,待確認,品保,捷欣,45
2026/06/16,中段,11.24,35,85.69,待確認,資材,大宏,77
2026/06/15,前段,85.89,24,4.97,正常登錄,資材,大宏,237
2026/07/04,中段,93.01,0,64.23,正常登錄,研發,永利,186
2026/06/24,後段,42.22,0,41.35,正常登錄,資材,捷欣,68
2026/06/16,前段,57.32,0,60.01,待確認,研發,順發,145
2026/07/13,前段,53.62,0,18.00,待確認,營運,大宏,108
2026/06/20,完成,90.65,235,44.33,已回報,研發,順發,234
2026/07/25,中段,46.95,189,95.81,正常登錄,品保,順發,191
2026/07/20,完成,93.93,180,95.86,正常登錄,研發,力鋼,4
2026/07/04,後段,18.69,97,92.46,已回報,資材,永利,68
2026/06/21,後段,71.54,91,9.07,待確認,營運,永利,99
2026/06/26,前段,61.50,106,42.04,正常登錄,資材,東昇,232
2026/06/09,前段,12.76,30,23.52,正常登錄,研發,順發,221
2026/06/14,後段,12.09,0,83.58,正常登錄,研發,力鋼,197
2026/06/18,完成,54.42,0,20.27,已回報,研發,東昇,29
2026/06/14,前段,96.41,18,69.67,待確認,製造,永利,92
2026/06/14,前段,59.29,99,12.74,已回報,研發,順發,38
2026/07/12,後段,19.03,0,45.94,正常登錄,品保,力鋼,11
2026/07/27,前段,18.40,94,56.77,正常登錄,資材,永利,233
2026/06/15,中段,6.05,234,25.71,正常登錄,營運,東昇,223
2026/06/23,前段,8.28,197,59.95,已回報,資材,順發,103
2026/06/17,後段,26.58,149,95.54,正常登錄,研發,東昇,158
2026/07/19,後段,60.52,0,35.18,正常登錄,營運,順發,210
2026/07/17,前段,63.81,147,71.30,已回報,品保,東昇,96
2026/06/06,後段,7.18,43,41.55,正常登錄,製造,東昇,85
2026/07/20,完成,55.82,225,5.38,已回報,製造,大宏,228
2026/06/12,中段,58.04,234,77.29,正常登錄,製造,東昇,39
2026/06/13,後段,74.80,159,29.90,已回報,資材,捷欣,44
2026/06/20,後段,26.42,0,32.99,正常登錄,研發,順發,134
2026/06/29,後段,55.41,0,8.96,正常登錄,資材,力鋼,50
2026/06/19,完成,55.15,40,50.51,正常登錄,研發,力鋼,128
2026/06/23,後段,5.33,98,87.06,正常登錄,製造,順發,164
2026/07/10,前段,14.54,59,59.69,待確認,營運,永利,51
2026/06/04,完成,9.06,22,8.64,待確認,製造,東昇,112
2026/07/07,中段,34.30,0,96.04,正常登錄,研發,大宏,4
2026/07/09,前段,34.15,28,92.13,正常登錄,資材,大宏,134
2026/06/05,前段,4.23,131,43.23,正常登錄,製造,順發,145
2026/07/25,完成,42.43,115,94.58,已回報,研發,順發,36
2026/06/07,完成,87.24,54,93.31,待確認,研發,永利,59
2026/06/19,完成,64.75,223,57.23,正常登錄,研發,永利,47
2026/06/12,後段,65.23,103,22.39,正常登錄,品保,大宏,97
2026/06/01,後段,53.09,135,28.75,待確認,資材,東昇,8
2026/07/06,後段,86.23,0,80.87,正常登錄,營運,東昇,14
2026/07/29,前段,15.92,0,87.63,正常登錄,製造,大宏,188
2026/07/01,前段,21.25,230,59.35,正常登錄,營運,大宏,122
2026/06/30,後段,91.59,0,23.78,待確認,品保,東昇,45
2026/07/22,完成,3.65,60,57.66,正常登錄,品保,力鋼,36
2026/07/14,前段,27.77,195,62.97,正常登錄,研發,永利,49
2026/07/13,前段,17.88,0,19.21,待確認,資材,大宏,124
2026/06/04,前段,80.03,0,53.45,已回報,製造,永利,13
2026/06/22,前段,47.93,35,88.48,正常登錄,研發,順發,16
2026/06/22,中段,39.98,221,28.64,正常登錄,製造,力鋼,38
2026/07/18,完成,65.76,149,19.41,正常登錄,品保,力鋼,179
2026/06/09,前段,29.53,9,33.41,正常登錄,營運,東昇,22
2026/07/29,後段,62.14,0,6.00,正常登錄,品保,大宏,155
2026/06/22,中段,0.93,0,94.55,已回報,研發,力鋼,203
2026/06/18,前段,45.79,111,47.38,正常登錄,研發,大宏,240
2026/06/27,中段,62.47,159,70.18,已回報,研發,力鋼,204
2026/06/18,完成,25.92,35,97.79,正常登錄,品保,大宏,135
2026/06/15,完成,39.76,0,97.20,正常登錄,研發,大宏,121
2026/07/14,後段,59.04,0,46.62,正常登錄,資材,永利,178
2026/07/12,後段,62.30,41,45.94,正常登錄,品保,捷欣,187
2026/06/20,中段,81.15,228,43.93,待確認,製造,大宏,208
2026/07/08,後段,94.42,121,29.97,正常登錄,製造,大宏,130
2026/07/18,後段,7.20,141,4.30,正常登錄,營運,永利,2
2026/06/08,中段,5790.00,0,25.27,正常登錄,研發,永利,204
2026/06/16,中段,63.72,0,7.06,正常登錄,製造,永利,238
2026/07/23,完成,57.61,55,62.75,待確認,品保,大宏,160
2026/07/13,後段,10.72,202,40.91,正常登錄,研發,永利,131
2026/06/05,前段,15.29,188,7.13,正常登錄,資材,永利,210
2026/06/11,前段,69.86,65,39.96,已回報,資材,力鋼,162
2026/07/23,後段,89.27,0,80.00,正常登錄,製造,東昇,27
2026/07/25,中段,92.09,0,75.28,正常登錄,製造,捷欣,87
2026/07/18,前段,43.96,0,15.97,待確認,製造,順發,131
2026/06/15,前段,42.13,157,61.67,正常登錄,品保,永利,40
2026/07/14,前段,65.75,0,58.06,正常登錄,製造,力鋼,24
2026/07/27,前段,27.82,11,48.79,正常登錄,營運,永利,21
2026/07/27,完成,51.29,57,85.03,已回報,品保,東昇,95
2026/07/08,中段,46.05,148,13.90,正常登錄,研發,力鋼,78
2026/06/27,中段,0.73,0,10.46,正常登錄,製造,永利,87
2026/06/01,完成,31.85,0,64.75,已回報,製造,順發,156
2026/07/16,完成,70.89,160,73.80,待確認,資材,順發,109
2026/06/13,中段,18.25,194,65.02,正常登錄,營運,捷欣,58
2026/06/02,後段,47.32,205,89.40,正常登錄,資材,大宏,95
2026/07/17,中段,57.87,15,53.87,正常登錄,品保,大宏,181
2026/07/30,完成,41.92,21,25.14,正常登錄,營運,順發,162
2026/06/01,後段,35.29,21,38.78,正常登錄,研發,永利,213
2026/07/20,前段,81.21,145,58.47,正常登錄,品保,力鋼,116
2026/06/13,中段,80.77,127,48.82,正常登錄,資材,捷欣,48
2026/07/25,後段,94.11,49,65.50,正常登錄,資材,大宏,222
2026/06/15,完成,36.03,238,72.06,正常登錄,品保,東昇,61
2026/06/26,前段,85.97,157,14.09,已回報,資材,東昇,45
2026/07/16,後段,93.99,71,2.78,正常登錄,品保,大宏,63
2026/06/04,後段,85.36,177,31.86,待確認,研發,順發,14
2026/07/11,中段,7.61,0,2.53,正常登錄,研發,東昇,7
2026/07/07,完成,75.72,229,91.50,正常登錄,研發,東昇,66
2026/07/05,完成,74.20,0,24.72,正常登錄,研發,捷欣,127
2026/07/03,前段,83.80,0,95.65,正常登錄,研發,大宏,17
2026/06/25,前段,45.92,0,14.52,正常登錄,品保,捷欣,170
2026/06/21,中段,58.20,210,86.79,待確認,資材,東昇,20
2026/06/23,前段,27.64,17,79.53,正常登錄,營運,東昇,148
2026/06/23,前段,65.83,36,48.47,正常登錄,品保,順發,104
2026/06/16,前段,22.71,54,84.01,正常登錄,製造,捷欣,117
2026/06/18,後段,5.88,0,91.23,已回報,品保,捷欣,220
2026/07/18,後段,83.84,12,27.32,正常登錄,製造,永利,75
2026/06/01,中段,48.79,68,51.68,已回報,品保,東昇,41
2026/06/26,前段,14.02,135,28.53,正常登錄,研發,大宏,122
2026/07/06,完成,12.05,151,51.57,已回報,品保,大宏,114
2026/06/21,後段,31.28,9,29.91,正常登錄,資材,順發,227
2026/06/29,完成,11.89,32,84.76,正常登錄,資材,永利,158
2026/06/10,完成,96.86,233,42.45,正常登錄,研發,永利,4
2026/06/24,完成,53.79,34,18.26,正常登錄,營運,捷欣,215
2026/06/17,完成,79.51,159,82.33,正常登錄,資材,東昇,135
2026/06/13,後段,25.09,128,77.28,正常登錄,研發,大宏,42
2026/07/17,前段,52.08,43,36.17,正常登錄,營運,力鋼,93
2026/07/10,後段,6.31,80,94.35,正常登錄,製造,順發,39
2026/07/22,前段,68.88,199,9.96,正常登錄,品保,東昇,203
2026/06/10,後段,69.60,107,92.56,待確認,研發,大宏,187
2026/07/11,完成,43.50,0,88.49,已回報,營運,東昇,125
2026/07/05,後段,75.97,0,70.49,正常登錄,品保,永利,123
2026/06/16,中段,89.68,228,76.83,已回報,品保,永利,58
2026/06/13,中段,63.33,128,2.71,已回報,製造,順發,237
2026/06/27,後段,19.55,219,23.19,待確認,研發,順發,83
2026/06/18,中段,2.49,121,83.54,正常登錄,研發,力鋼,83
2026/07/21,完成,16.21,0,62.71,正常登錄,製造,力鋼,114
2026/07/04,完成,49.22,140,50.44,待確認,研發,永利,94
2026/07/29,後段,3.28,229,52.30,正常登錄,製造,東昇,40
2026/07/14,後段,5.76,135,7.33,已回報,製造,力鋼,183
2026/07/29,後段,55.50,131,32.85,待確認,營運,力鋼,83
2026/06/26,中段,4.54,6,83.82,已回報,資材,東昇,214
2026/07/01,前段,16.26,30,18.67,已回報,資材,東昇,51
2026/06/26,中段,74.11,0,72.05,正常登錄,製造,捷欣,181
2026/06/20,前段,31.21,200,95.37,正常登錄,營運,大宏,150
2026/07/06,中段,56.26,0,29.96,正常登錄,研發,大宏,220
2026/06/19,中段,87.18,52,13.26,已回報,營運,大宏,101
2026/07/20,完成,55.42,130,84.51,正常登錄,製造,順發,123
2026/06/20,前段,52.40,0,65.79,待確認,研發,力鋼,193
2026/06/04,中段,31.56,0,67.96,待確認,品保,力鋼,221
2026/07/27,中段,36.68,238,20.32,待確認,資材,捷欣,125
2026/06/27,完成,92.48,239,69.54,已回報,資材,順發,217
2026/06/18,前段,56.93,0,34.93,已回報,研發,大宏,223
2026/07/09,完成,56.10,0,68.24,正常登錄,品保,大宏,11
2026/07/01,中段,34.77,236,51.35,待確認,資材,永利,38
2026/07/30,中段,57.43,52,66.98,正常登錄,品保,力鋼,211
2026/07/29,前段,45.97,16,70.07,已回報,營運,東昇,182
2026/06/28,後段,32.07,0,25.14,正常登錄,研發,大宏,183
2026/06/20,後段,35.66,0,81.55,正常登錄,營運,東昇,42
2026/06/14,完成,61.21,219,87.81,待確認,營運,大宏,116
2026/07/28,前段,64.97,50,71.32,正常登錄,品保,東昇,27
2026/07/22,中段,47.74,209,49.60,待確認,資材,大宏,33
2026/07/30,中段,8.40,125,33.70,正常登錄,品保,大宏,52
2026/06/19,前段,8.65,7,76.38,正常登錄,研發,永利,228
2026/07/02,後段,69.31,127,48.88,待確認,研發,大宏,37
2026/06/08,完成,2.80,26,29.64,正常登錄,品保,大宏,51
2026/07/07,完成,71.59,0,61.90,待確認,研發,東昇,236
2026/06/30,中段,33.17,74,97.10,正常登錄,研發,東昇,192
2026/06/15,完成,11.89,182,61.56,正常登錄,研發,東昇,79
2026/07/13,後段,11.24,206,79.23,正常登錄,資材,大宏,220
2026/07/28,前段,84.74,0,36.83,正常登錄,資材,力鋼,95
2026/07/29,中段,36.38,7,30.81,正常登錄,品保,東昇,72
2026/06/08,中段,38.91,9,96.18,正常登錄,製造,捷欣,132
2026/06/15,前段,54.90,192,62.98,正常登錄,資材,捷欣,149
2026/07/05,中段,19.29,15,32.54,正常登錄,資材,永利,224
2026/06/23,前段,12.06,70,58.55,正常登錄,營運,東昇,46
2026/06/21,前段,81.98,107,31.90,待確認,營運,捷欣,121
2026/06/14,前段,50.49,41,29.05,已回報,資材,力鋼,66
2026/07/09,中段,62.50,104,91.34,正常登錄,研發,力鋼,19
2026/07/20,前段,16.85,194,97.14,正常登錄,品保,永利,98
2026/07/03,後段,71.02,46,48.58,待確認,製造,順發,146
2026/06/28,中段,38.01,14,1.58,已回報,製造,順發,54
2026/06/11,中段,72.92,45,87.33,正常登錄,研發,大宏,163
2026/07/27,完成,20.25,57,74.23,正常登錄,製造,順發,238
2026/06/06,中段,93.64,93,27.94,正常登錄,資材,永利,234
2026/06/25,完成,86.30,117,81.69,待確認,營運,大宏,29
2026/07/18,後段,45.15,181,48.44,待確認,品保,捷欣,42
2026/07/28,完成,87.33,0,72.16,正常登錄,品保,順發,36
2026/06/23,前段,97.81,149,58.33,正常登錄,製造,永利,109
2026/06/26,前段,67.42,238,54.64,正常登錄,營運,力鋼,3
2026/07/30,後段,25.05,109,21.91,正常登錄,品保,東昇,132
2026/06/29,後段,14.21,119,70.23,正常登錄,營運,大宏,134
2026/07/13,完成,56.34,128,59.72,正常登錄,營運,東昇,167
2026/06/22,中段,92.96,0,79.31,已回報,製造,大宏,16
2026/06/13,中段,23.25,89,14.45,待確認,製造,大宏,32
2026/06/18,中段,43.22,170,48.52,正常登錄,資材,捷欣,177
2026/07/21,前段,12.13,21,89.75,已回報,營運,東昇,140
2026/06/23,前段,25.52,0,32.27,待確認,品保,大宏,21
2026/07/16,前段,51.23,217,48.61,正常登錄,製造,大宏,196
2026/07/28,完成,33.42,123,79.49,正常登錄,營運,永利,164
2026/06/28,中段,75.31,0,41.89,正常登錄,品保,順發,197
2026/07/15,完成,63.46,26,23.72,正常登錄,研發,大宏,16
2026/06/27,完成,75.58,30,22.83,待確認,研發,東昇,146
2026/06/04,完成,21.93,200,56.06,正常登錄,營運,力鋼,226
2026/07/28,完成,15.35,129,25.20,正常登錄,研發,永利,167
2026/07/16,後段,21.95,0,71.01,正常登錄,營運,東昇,230
2026/06/14,前段,0.55,5,79.61,已回報,品保,大宏,148
2026/06/19,前段,82.83,0,72.83,正常登錄,品保,力鋼,112
2026/07/15,前段,31.26,193,48.79,已回報,營運,大宏,162
2026/07/18,中段,67.09,121,73.94,正常登錄,營運,大宏,76
2026/07/28,完成,43.88,42,42.77,正常登錄,營運,大宏,144
2026/06/29,前段,36.33,218,55.67,正常登錄,資材,捷欣,129
2026/06/02,後段,94.58,23,10.88,已回報,資材,順發,237
2026/06/14,前段,40.43,0,50.11,正常登錄,研發,東昇,33
2026/06/22,中段,5.56,0,3.17,已回報,製造,順發,48
2026/07/03,前段,54.85,0,75.38,正常登錄,營運,力鋼,58
2026/07/26,前段,30.84,0,82.48,正常登錄,品保,順發,170
2026/06/06,前段,24.28,47,91.63,正常登錄,製造,捷欣,10
2026/06/07,完成,51.61,105,24.28,已回報,品保,順發,187
2026/07/15,完成,64.45,169,93.35,待確認,製造,力鋼,2
2026/06/26,前段,6.29,0,91.96,正常登錄,資材,力鋼,16
2026/06/19,後段,78.47,195,59.25,待確認,品保,永利,114
2026/07/16,後段,39.29,202,80.58,待確認,品保,順發,213
2026/06/02,後段,75.11,108,23.89,正常登錄,品保,捷欣,215
2026/06/10,完成,82.09,204,97.30,正常登錄,營運,順發,230
2026/07/17,後段,40.42,77,7.54,待確認,營運,東昇,16
2026/07/22,完成,66.85,0,29.35,正常登錄,研發,捷欣,227
2026/06/22,中段,55.87,56,84.59,正常登錄,研發,大宏,22
2026/07/03,前段,3.63,118,33.68,已回報,製造,捷欣,117
2026/07/26,中段,57.32,83,70.67,已回報,品保,順發,95
2026/06/16,中段,32.25,42,43.18,正常登錄,品保,永利,38
2026/06/16,完成,12.72,224,37.30,待確認,資材,順發,98
2026/06/16,後段,37.84,147,21.01,待確認,製造,力鋼,111
2026/07/08,後段,46.51,9,84.78,正常登錄,資材,順發,129
2026/07/25,前段,87.79,11,37.32,正常登錄,製造,力鋼,165
2026/06/05,完成,62.34,128,83.04,正常登錄,研發,大宏,79
2026/06/24,後段,21.86,0,61.63,正常登錄,品保,東昇,145
2026/06/29,中段,15.75,183,53.27,已回報,品保,東昇,224
2026/07/11,後段,33.88,0,17.15,待確認,資材,順發,64
2026/06/21,完成,21.64,53,94.51,正常登錄,品保,順發,81
2026/07/18,前段,36.72,34,37.14,正常登錄,營運,永利,167
2026/07/24,前段,30.04,149,80.94,正常登錄,製造,大宏,211
2026/06/19,後段,63.06,0,91.30,正常登錄,研發,東昇,177
2026/07/30,後段,5.94,83,70.58,待確認,品保,永利,153
2026/06/06,完成,59.41,103,59.49,已回報,資材,東昇,211
2026/07/30,後段,11.84,79,44.00,正常登錄,營運,順發,52
2026/07/19,前段,48.55,37,29.58,正常登錄,研發,捷欣,82
2026/06/05,後段,62.28,107,16.19,已回報,品保,永利,156
2026/07/02,後段,37.46,71,26.15,正常登錄,研發,順發,156
2026/07/14,中段,3.02,194,67.47,正常登錄,製造,東昇,31
2026/07/05,完成,40.30,113,2.44,待確認,營運,東昇,49
2026/06/17,中段,61.23,180,59.36,正常登錄,研發,順發,98
2026/07/09,後段,2.95,91,31.03,正常登錄,營運,東昇,135
2026/06/04,後段,86.70,233,13.80,正常登錄,營運,永利,18
2026/06/14,中段,0.70,0,77.06,正常登錄,資材,永利,84
2026/07/23,後段,53.31,107,25.45,正常登錄,製造,順發,94
2026/07/25,完成,56.81,187,82.77,待確認,品保,捷欣,238
2026/07/05,後段,19.77,137,96.45,正常登錄,製造,力鋼,210
2026/07/08,中段,39.91,169,10.53,正常登錄,研發,東昇,103
2026/06/27,中段,82.96,46,42.63,已回報,研發,力鋼,44
2026/07/29,前段,72.97,0,64.25,正常登錄,研發,永利,59
2026/07/30,中段,3.57,0,27.28,正常登錄,研發,捷欣,185
2026/07/17,後段,92.28,235,23.34,已回報,營運,東昇,13
2026/07/27,後段,10.17,130,85.57,正常登錄,品保,捷欣,202
2026/07/23,前段,61.51,117,44.29,正常登錄,研發,力鋼,196
2026/06/20,完成,88.43,0,3.13,已回報,製造,力鋼,225
2026/07/27,後段,32.47,157,25.58,正常登錄,品保,順發,186
2026/07/24,前段,58.83,223,71.36,正常登錄,研發,永利,159
2026/07/23,完成,72.09,130,12.66,已回報,營運,大宏,211
2026/07/13,前段,1.27,94,62.72,已回報,品保,順發,34
2026/07/18,中段,79.74,0,15.92,正常登錄,資材,大宏,2
2026/06/15,後段,68.67,202,15.36,正常登錄,營運,永利,8
2026/07/20,前段,4.39,132,57.07,正常登錄,資材,捷欣,144
2026/06/13,後段,51.06,0,51.25,正常登錄,製造,永利,88
2026/06/23,前段,73.72,39,13.36,已回報,品保,永利,155
2026/07/29,中段,31.71,170,29.76,已回報,營運,永利,143
2026/06/22,後段,26.33,19,39.91,已回報,營運,捷欣,191
2026/06/10,完成,5.45,166,50.99,已回報,研發,捷欣,163
2026/07/26,完成,71.46,141,64.29,正常登錄,資材,大宏,191
2026/07/30,後段,97.15,72,36.81,正常登錄,資材,東昇,207
2026/07/29,完成,82.74,87,32.35,已回報,研發,順發,215
2026/07/10,前段,97.01,0,84.99,待確認,研發,大宏,61
2026/06/24,完成,6.09,22,88.48,待確認,製造,力鋼,130
2026/07/27,中段,13.52,132,82.70,正常登錄,資材,順發,51
2026/07/18,前段,57.71,200,77.54,正常登錄,品保,東昇,175
2026/06/17,中段,1000.00,151,23.50,正常登錄,製造,力鋼,161
2026/07/06,前段,25.23,171,66.98,正常登錄,品保,順發,59
2026/06/20,完成,3.79,47,40.75,正常登錄,研發,永利,127
2026/06/17,完成,89.98,41,75.79,待確認,研發,東昇,140
2026/06/20,完成,93.97,0,95.58,已回報,資材,東昇,103
2026/06/07,完成,29.07,12,40.91,待確認,研發,永利,141
2026/07/08,中段,34.27,0,34.12,待確認,製造,大宏,103
2026/07/10,中段,87.68,213,50.30,待確認,製造,捷欣,116
2026/07/23,後段,2.68,0,77.84,正常登錄,研發,大宏,158
2026/07/16,完成,91.38,52,86.68,正常登錄,營運,順發,19
2026/07/22,後段,12.88,74,62.84,正常登錄,製造,永利,174
2026/07/25,中段,5.71,19,39.13,正常登錄,研發,東昇,203
2026/06/04,後段,21.99,197,29.98,正常登錄,製造,順發,117
2026/07/28,後段,56.42,0,47.66,正常登錄,資材,東昇,214
2026/07/05,前段,63.28,233,54.60,正常登錄,營運,大宏,133
2026/07/27,完成,4.14,135,60.87,正常登錄,製造,東昇,57
2026/06/23,中段,35.84,7,68.91,正常登錄,資材,捷欣,204
2026/07/01,中段,28.39,0,13.76,已回報,資材,永利,102
2026/07/28,完成,49.41,97,36.45,待確認,資材,大宏,13
2026/06/22,中段,50.63,80,28.68,已回報,製造,永利,229
2026/07/05,後段,78.54,0,60.55,正常登錄,品保,大宏,58
2026/07/18,前段,23.92,113,7.88,待確認,營運,捷欣,141
2026/07/21,前段,45.69,81,20.12,待確認,研發,捷欣,36
2026/07/07,中段,82.40,75,4.01,正常登錄,品保,力鋼,37
2026/06/19,後段,54.16,130,1.15,待確認,品保,永利,93
2026/07/13,後段,22.47,136,83.37,正常登錄,營運,東昇,19
2026/06/06,中段,47.23,73,69.83,已回報,營運,東昇,183
2026/07/20,後段,80.85,150,66.84,正常登錄,製造,順發,149
2026/07/27,完成,36.81,36,22.69,正常登錄,資材,大宏,212
2026/07/19,完成,79.74,180,7.63,正常登錄,品保,東昇,146
2026/07/28,中段,48.85,0,36.77,待確認,製造,順發,53
2026/06/13,前段,2.91,0,7.52,正常登錄,研發,永利,224
2026/07/11,後段,44.25,109,32.02,已回報,製造,順發,106
2026/07/07,完成,89.46,25,66.49,待確認,資材,力鋼,12
2026/06/11,前段,52.74,0,56.96,正常登錄,營運,永利,64
2026/07/04,前段,43.25,73,87.53,待確認,資材,永利,190
2026/06/10,中段,15.56,215,57.49,待確認,品保,大宏,156
2026/07/18,完成,97.53,39,15.76,正常登錄,研發,永利,10
2026/06/06,中段,44.42,236,95.21,正常登錄,營運,力鋼,20
2026/06/29,完成,34.68,0,45.51,待確認,製造,永利,156
2026/06/01,完成,23.50,0,35.40,正常登錄,製造,力鋼,129
2026/06/27,中段,57.57,220,86.13,已回報,資材,順發,119
2026/07/25,完成,88.66,32,96.44,正常登錄,製造,大宏,138
2026/06/10,後段,33.08,0,54.54,正常登錄,資材,捷欣,94
2026/07/24,中段,27.35,156,39.40,正常登錄,營運,順發,127
2026/06/25,後段,73.35,144,10.92,正常登錄,研發,順發,19
2026/07/10,完成,9.46,112,43.09,正常登錄,研發,永利,214
2026/07/30,後段,16.31,3,8.72,正常登錄,製造,順發,116
2026/06/19,後段,39.51,30,42.50,正常登錄,品保,大宏,99
2026/07/20,後段,63.34,65,60.06,待確認,製造,順發,31
2026/07/01,後段,32.56,0,57.93,待確認,品保,捷欣,72
2026/07/20,前段,97.29,235,42.12,正常登錄,研發,力鋼,230
2026/07/22,前段,40.06,66,30.67,已回報,品保,捷欣,107
2026/07/14,中段,81.13,237,26.26,正常登錄,製造,捷欣,195
2026/06/30,前段,63.50,235,62.48,待確認,研發,大宏,212
2026/06/14,前段,63.85,37,65.56,已回報,研發,永利,101
2026/06/04,前段,22.77,36,92.84,待確認,品保,力鋼,80
2026/06/13,前段,83.89,64,68.22,已回報,製造,東昇,133
2026/06/26,後段,79.50,28,11.88,正常登錄,營運,永利,90
2026/07/26,完成,72.25,115,4.55,正常登錄,製造,力鋼,147
2026/07/22,完成,70.31,183,83.12,正常登錄,品保,東昇,120
2026/06/19,完成,6.19,18,14.64,待確認,製造,大宏,239
2026/07/09,後段,27.12,24,69.89,正常登錄,品保,力鋼,222
2026/06/22,前段,55.00,26,28.23,已回報,營運,力鋼,196
2026/06/10,中段,47.50,224,63.30,正常登錄,製造,東昇,60
2026/07/29,前段,62.58,230,2.40,正常登錄,研發,東昇,101
2026/06/24,後段,81.44,0,56.51,正常登錄,資材,永利,41
2026/06/13,後段,87.59,117,23.52,正常登錄,營運,大宏,135
2026/06/04,前段,60.54,0,96.96,待確認,營運,力鋼,96
2026/06/25,中段,20.24,187,46.59,已回報,品保,捷欣,82
2026/06/30,前段,61.54,126,15.80,正常登錄,營運,力鋼,135
2026/07/23,前段,17.63,70,52.59,正常登錄,資材,順發,74
2026/07/28,前段,49.92,138,73.65,正常登錄,營運,永利,212
2026/06/17,前段,90.52,111,34.88,已回報,品保,捷欣,22
2026/06/10,中段,76.52,143,74.72,待確認,資材,永利,71
2026/07/19,中段,2.98,131,16.75,已回報,資材,大宏,161
2026/07/14,前段,4.00,0,0.84,正常登錄,資材,大宏,194
2026/06/19,前段,46.16,230,78.80,正常登錄,製造,力鋼,104
2026/06/02,完成,94.54,104,55.29,正常登錄,研發,順發,100
2026/06/19,完成,15.93,0,73.62,正常登錄,品保,順發,80
2026/07/11,後段,1.14,4,70.00,正常登錄,研發,東昇,87
2026/06/27,中段,69.17,113,40.43,正常登錄,品保,力鋼,121
2026/07/13,中段,81.77,188,0.83,已回報,營運,東昇,156
2026/07/10,後段,97.55,156,93.96,正常登錄,營運,大宏,37
2026/06/28,前段,12.40,8,93.32,正常登錄,品保,捷欣,82
2026/06/06,完成,39.78,21,38.73,正常登錄,研發,永利,142
2026/07/21,後段,43.53,0,35.25,正常登錄,品保,順發,136
2026/06/21,後段,71.00,55,91.90,待確認,製造,順發,2
2026/07/14,完成,45.89,111,24.08,正常登錄,研發,力鋼,227
2026/06/29,中段,95.49,194,31.91,已回報,營運,順發,154
2026/06/27,後段,95.46,0,73.19,正常登錄,營運,東昇,93
2026/06/10,前段,38.24,126,35.93,待確認,品保,順發,156
2026/06/21,後段,73.15,0,24.57,正常登錄,製造,大宏,233
2026/06/28,中段,66.87,91,14.82,正常登錄,製造,東昇,30
2026/07/15,完成,46.17,231,34.03,已回報,營運,順發,186
2026/06/11,前段,15.91,84,91.51,正常登錄,研發,順發,8
2026/06/02,完成,46.42,59,74.81,正常登錄,研發,東昇,66
2026/06/11,完成,74.22,92,67.07,待確認,營運,東昇,12
2026/07/15,完成,81.67,222,58.25,正常登錄,營運,捷欣,187
2026/06/11,前段,34.29,184,77.23,正常登錄,營運,東昇,115
2026/06/12,前段,7.35,65,16.39,已回報,資材,永利,116
2026/06/17,中段,33.42,131,67.99,正常登錄,營運,捷欣,138
2026/07/01,中段,33.65,161,78.26,正常登錄,品保,東昇,121
2026/07/25,後段,97.40,0,18.51,正常登錄,資材,東昇,227
2026/06/02,中段,22.34,209,60.27,已回報,營運,東昇,221
2026/07/23,前段,51.16,0,71.54,已回報,營運,捷欣,3
2026/06/14,後段,52.15,0,34.79,正常登錄,資材,力鋼,63
2026/07/01,後段,68.96,12,14.57,正常登錄,研發,捷欣,34
2026/06/16,中段,85.74,0,50.55,正常登錄,資材,捷欣,74
2026/06/03,完成,58.86,102,85.89,待確認,研發,永利,152
2026/07/01,完成,82.09,117,97.72,待確認,資材,力鋼,75
2026/07/10,中段,80.46,70,57.54,正常登錄,研發,捷欣,102
2026/07/20,前段,17.29,0,1.61,已回報,品保,大宏,35
2026/06/15,後段,58.75,30,53.46,待確認,品保,永利,94
2026/06/03,完成,87.99,0,29.05,正常登錄,品保,東昇,202
2026/07/17,後段,90.67,0,24.55,正常登錄,製造,大宏,229
2026/06/15,完成,0.42,4,41.23,正常登錄,研發,永利,77
2026/06/12,前段,61.94,188,30.23,正常登錄,研發,東昇,205
2026/07/03,完成,15.56,240,72.42,正常登錄,營運,永利,200
2026/06/08,前段,93.13,192,85.96,正常登錄,品保,順發,198
2026/07/20,前段,37.01,122,31.69,已回報,資材,順發,54
2026/07/18,後段,79.48,170,86.97,正常登錄,研發,東昇,153
2026/07/06,中段,89.58,0,92.05,正常登錄,營運,東昇,192
2026/06/14,中段,52.79,204,29.59,正常登錄,營運,捷欣,91
2026/06/29,前段,67.08,0,77.65,待確認,營運,捷欣,123
2026/06/26,前段,42.67,0,5.31,正常登錄,品保,東昇,170
2026/06/19,中段,33.84,0,81.48,已回報,品保,順發,92
2026/07/03,後段,18.93,0,46.12,已回報,品保,大宏,223
2026/07/23,中段,0.77,55,75.27,正常登錄,製造,力鋼,86
2026/06/12,中段,42.99,123,74.86,正常登錄,研發,東昇,221
2026/06/07,後段,21.67,143,25.34,已回報,研發,力鋼,39
2026/07/13,完成,0.69,2,28.14,正常登錄,資材,東昇,135
2026/07/23,前段,12.74,54,7.27,已回報,研發,順發,148
2026/07/01,前段,20.51,0,71.15,正常登錄,研發,順發,55
2026/07/05,中段,34.54,216,34.92,正常登錄,品保,捷欣,50
2026/06/25,中段,13.38,0,87.82,已回報,製造,大宏,211
2026/07/13,中段,58.14,163,19.75,待確認,品保,永利,118
2026/06/12,中段,66.40,58,70.81,正常登錄,營運,順發,191
2026/07/28,前段,17.23,0,39.96,正常登錄,營運,順發,56
2026/07/13,中段,31.47,145,84.91,正常登錄,製造,順發,164
2026/06/07,中段,41.54,90,91.38,正常登錄,品保,大宏,131
2026/06/26,完成,21.68,78,83.14,正常登錄,營運,永利,236
2026/07/04,前段,8.23,0,79.75,已回報,品保,永利,166
2026/06/19,前段,17.75,0,81.08,待確認,研發,大宏,161
2026/07/06,中段,22.92,37,49.42,已回報,製造,順發,157
2026/07/26,完成,82.11,0,30.09,已回報,研發,順發,239
2026/07/11,前段,71.10,0,91.32,正常登錄,製造,力鋼,56
2026/06/25,前段,18.67,63,4.04,正常登錄,製造,順發,219
2026/06/17,後段,86.91,74,34.89,正常登錄,資材,東昇,60
2026/07/29,完成,76.52,60,94.64,正常登錄,製造,東昇,128
2026/06/25,中段,11.66,0,94.92,正常登錄,品保,順發,113
2026/06/11,後段,7.18,68,16.89,待確認,製造,力鋼,211
2026/06/23,後段,42.73,151,36.37,正常登錄,製造,永利,103
2026/06/03,中段,28.45,72,38.69,正常登錄,營運,東昇,199
2026/06/30,後段,75.85,0,21.63,待確認,製造,永利,172
2026/06/03,前段,0.88,0,78.28,正常登錄,品保,永利,189
2026/07/13,中段,78.15,150,56.96,正常登錄,製造,永利,188
2026/06/01,後段,38.27,159,20.26,正常登錄,製造,力鋼,25
2026/07/09,前段,1.31,0,45.59,已回報,資材,永利,181
2026/06/08,中段,10.85,37,90.19,待確認,研發,力鋼,176
2026/07/02,中段,86.31,131,33.94,已回報,營運,永利,87
2026/07/02,後段,54.58,0,85.53,待確認,營運,永利,233
2026/06/28,前段,9.22,149,79.99,待確認,品保,東昇,145
2026/07/27,中段,59.39,228,7.15,已回報,資材,永利,193
2026/06/07,中段,94.77,0,58.62,正常登錄,營運,永利,176
2026/07/03,前段,28.61,51,4.74,已回報,品保,順發,9
2026/06/23,後段,41.66,99,24.40,正常登錄,製造,永利,173
2026/06/09,前段,8.06,133,33.18,正常登錄,資材,順發,76
2026/06/10,前段,72.47,0,12.98,待確認,資材,捷欣,168
2026/07/05,前段,30.21,113,78.03,正常登錄,營運,捷欣,116
2026/07/27,前段,74.48,229,10.73,已回報,營運,順發,50
2026/06/10,中段,23.71,109,6.56,已回報,資材,順發,139
2026/06/03,中段,69.01,162,58.28,正常登錄,營運,順發,21
2026/06/13,前段,75.20,17,84.05,正常登錄,品保,捷欣,226
2026/07/02,中段,81.02,85,30.17,正常登錄,品保,力鋼,179
2026/07/29,前段,19.53,0,97.17,已回報,研發,捷欣,45
2026/07/20,中段,43.57,154,69.45,已回報,資材,大宏,156
2026/07/06,完成,9.83,29,54.60,正常登錄,資材,捷欣,13
2026/07/28,中段,90.98,215,76.19,已回報,製造,順發,189
2026/07/13,後段,29.62,128,32.06,已回報,品保,東昇,143
2026/06/02,中段,27.36,0,33.51,正常登錄,研發,永利,93
2026/07/02,完成,69.49,0,93.19,已回報,製造,力鋼,90
2026/06/30,完成,65.33,0,88.34,已回報,研發,東昇,187
2026/07/19,後段,2.92,0,2.69,正常登錄,研發,順發,154
2026/06/12,前段,65.09,0,22.30,正常登錄,資材,永利,192
2026/07/10,完成,37.86,0,44.25,已回報,研發,永利,129
2026/06/08,完成,50.17,38,7.72,正常登錄,品保,大宏,109
2026/07/17,前段,25.01,105,93.81,待確認,資材,大宏,166
2026/06/08,前段,88.36,133,87.29,正常登錄,品保,大宏,148
2026/06/26,完成,36.44,70,72.75,已回報,研發,力鋼,225
2026/07/13,中段,88.85,198,53.92,已回報,營運,東昇,32
2026/07/11,完成,24.63,205,92.20,正常登錄,品保,順發,29
2026/07/21,前段,44.75,78,66.12,已回報,製造,力鋼,161
2026/06/13,後段,72.92,142,40.47,正常登錄,資材,大宏,239
2026/06/06,前段,91.51,198,74.31,正常登錄,製造,永利,16
2026/07/21,前段,90.60,181,43.16,已回報,製造,大宏,166
2026/07/01,前段,71.62,162,6.28,已回報,品保,捷欣,199
2026/07/13,前段,82.76,0,78.73,已回報,研發,永利,130
2026/06/02,前段,30.04,0,59.23,正常登錄,營運,大宏,15
2026/06/22,前段,9.61,150,51.89,待確認,研發,捷欣,5
2026/07/27,中段,41.64,152,39.06,正常登錄,資材,順發,142
2026/06/29,前段,6.89,0,59.16,正常登錄,製造,永利,112
2026/07/19,前段,37.79,0,60.86,已回報,製造,東昇,41
2026/07/01,中段,60.90,230,2.97,正常登錄,營運,順發,45
2026/07/30,前段,81.80,0,45.97,正常登錄,研發,大宏,157
2026/06/06,前段,1.68,240,77.70,已回報,營運,大宏,225
2026/07/29,後段,89.34,84,89.09,已回報,營運,力鋼,102
2026/07/05,前段,17.68,130,78.19,已回報,製造,力鋼,89
2026/06/25,前段,43.73,149,4.91,正常登錄,品保,東昇,71
2026/07/09,完成,18.65,0,86.46,正常登錄,研發,力鋼,19
2026/06/03,後段,75.84,52,20.43,正常登錄,資材,大宏,213
2026/07/08,完成,28.65,34,73.07,正常登錄,營運,力鋼,148
2026/06/07,前段,63.68,231,94.08,正常登錄,研發,大宏,107
2026/06/09,完成,57.20,33,47.21,正常登錄,資材,力鋼,229
2026/06/10,中段,82.00,215,82.71,待確認,營運,捷欣,86
2026/06/06,前段,59.24,145,52.38,正常登錄,資材,大宏,97
2026/07/27,中段,57.34,0,79.55,正常登錄,品保,永利,204
2026/06/27,後段,46.55,93,81.65,待確認,製造,捷欣,50
2026/06/29,後段,79.94,213,69.15,正常登錄,製造,永利,66
2026/06/05,完成,41.84,238,69.92,正常登錄,品保,順發,216
2026/07/26,前段,86.27,22,78.55,正常登錄,研發,東昇,220
2026/06/03,後段,0.75,3,52.16,已回報,品保,永利,85
2026/07/07,完成,53.89,190,83.42,已回報,研發,順發,128
2026/07/13,後段,25.56,149,46.23,正常登錄,品保,捷欣,83
2026/07/22,完成,1.06,28,41.39,待確認,資材,永利,12
2026/06/05,後段,32.16,0,57.24,正常登錄,資材,大宏,5
2026/07/05,後段,92.19,85,28.87,正常登錄,品保,捷欣,5
2026/06/13,前段,23.08,0,40.64,待確認,品保,大宏,28
2026/06/16,後段,38.76,80,51.87,正常登錄,資材,捷欣,116
2026/06/03,中段,21.93,6,17.29,正常登錄,研發,順發,70
2026/06/17,後段,25.45,0,3.15,已回報,研發,大宏,184
2026/06/03,完成,36.73,43,39.48,正常登錄,品保,捷欣,32
2026/07/02,完成,64.76,35,47.80,正常登錄,品保,捷欣,49
2026/06/18,後段,28.92,111,92.68,正常登錄,品保,力鋼,208
2026/06/21,中段,12.93,0,48.13,正常登錄,製造,力鋼,96
2026/07/08,後段,1.01,101,33.22,待確認,資材,東昇,148
2026/07/16,後段,34.50,182,50.52,正常登錄,製造,捷欣,118
2026/06/16,中段,89.36,0,12.44,正常登錄,研發,大宏,211
2026/07/19,中段,34.24,76,54.18,正常登錄,資材,東昇,51
2026/07/14,後段,88.48,65,87.14,待確認,營運,大宏,105
2026/06/29,完成,91.40,217,18.09,待確認,資材,順發,171
2026/06/20,完成,13.36,59,9.68,正常登錄,資材,捷欣,161
2026/07/03,後段,23.35,200,1.82,正常登錄,資材,大宏,103
2026/06/18,後段,76.06,20,84.62,正常登錄,品保,順發,81
2026/06/22,中段,64.85,201,51.10,待確認,研發,永利,106
2026/06/01,完成,69.86,170,65.79,已回報,品保,力鋼,225
2026/07/14,後段,59.69,157,13.44,已回報,研發,力鋼,178
2026/06/09,中段,19.05,0,13.83,已回報,研發,力鋼,133
2026/07/03,前段,85.04,11,29.02,待確認,研發,力鋼,130
2026/07/01,後段,91.08,0,54.87,已回報,資材,順發,152
2026/06/11,後段,43.12,0,32.34,已回報,製造,力鋼,225
2026/06/19,前段,33.34,190,41.71,正常登錄,營運,力鋼,99
2026/07/26,中段,43.94,0,38.74,正常登錄,營運,捷欣,226
2026/06/28,後段,48.18,0,56.24,正常登錄,製造,捷欣,16
2026/07/24,前段,67.28,111,76.55,已回報,品保,順發,126
2026/06/12,中段,23.45,193,8.59,正常登錄,研發,力鋼,74
2026/07/06,中段,43.02,105,47.58,正常登錄,研發,捷欣,215
2026/07/12,中段,70.71,0,12.99,已回報,營運,大宏,18
2026/06/26,完成,30.35,203,78.09,正常登錄,營運,順發,100
2026/06/13,完成,46.51,240,58.35,正常登錄,營運,東昇,120
2026/07/03,中段,91.97,0,34.68,正常登錄,研發,捷欣,193
2026/06/07,完成,48.92,0,21.58,已回報,研發,捷欣,164
2026/07/03,完成,36.62,0,50.29,已回報,品保,永利,201
2026/07/25,完成,17.56,113,15.44,待確認,資材,捷欣,70
2026/07/20,後段,15.89,44,63.21,已回報,研發,力鋼,102
2026/06/15,完成,8.03,130,39.35,正常登錄,品保,捷欣,224
2026/06/03,完成,20.64,137,93.73,正常登錄,製造,東昇,126
2026/06/26,完成,41.16,117,57.82,正常登錄,品保,順發,207
2026/06/22,完成,53.87,15,44.61,正常登錄,研發,順發,149
2026/06/30,前段,23.71,233,83.47,正常登錄,研發,捷欣,107
2026/06/18,後段,38.96,61,69.76,正常登錄,資材,順發,84
2026/07/24,完成,16.23,6,50.74,已回報,營運,力鋼,28
2026/06/07,前段,1256.00,0,91.95,已回報,資材,大宏,173
2026/07/02,前段,8.92,207,14.84,待確認,製造,捷欣,1
2026/06/15,中段,39.24,109,21.40,正常登錄,研發,捷欣,116
2026/07/11,後段,27.14,0,92.89,正常登錄,資材,東昇,224
2026/07/05,後段,45.13,223,92.31,待確認,資材,順發,111
2026/06/09,完成,97.23,0,94.19,正常登錄,品保,順發,97
2026/06/20,中段,92.72,57,12.92,待確認,營運,大宏,216
2026/07/27,中段,85.13,0,25.65,已回報,製造,捷欣,210
2026/06/01,前段,96.42,0,20.03,正常登錄,資材,永利,168
2026/06/24,後段,28.43,51,89.01,正常登錄,營運,大宏,211
2026/07/25,完成,41.37,120,14.66,正常登錄,研發,順發,210
2026/06/02,中段,78.94,235,33.19,待確認,資材,捷欣,115
2026/06/27,後段,52.00,227,36.64,待確認,製造,力鋼,3
2026/06/20,前段,27.98,240,87.66,正常登錄,營運,東昇,63
2026/07/10,中段,42.23,117,86.59,正常登錄,研發,永利,78
2026/07/23,完成,20.39,236,71.55,正常登錄,品保,永利,165
2026/07/05,後段,43.95,208,31.45,正常登錄,品保,東昇,233
2026/07/11,前段,42.99,191,22.03,待確認,品保,大宏,152
2026/06/03,後段,86.76,199,94.45,待確認,資材,東昇,87
2026/07/04,中段,27.53,156,30.69,正常登錄,製造,順發,17
2026/06/09,後段,15.32,111,85.88,正常登錄,製造,大宏,40
2026/07/19,後段,65.32,0,37.07,正常登錄,資材,捷欣,182
2026/07/17,中段,88.35,138,64.13,正常登錄,製造,東昇,219
2026/06/10,中段,26.25,202,96.53,已回報,營運,順發,10
2026/06/25,完成,81.49,167,88.07,正常登錄,營運,東昇,91
2026/07/14,中段,41.41,170,18.17,已回報,製造,順發,89
2026/07/24,完成,55.95,0,90.76,正常登錄,營運,永利,153
2026/06/27,後段,65.36,227,76.97,正常登錄,營運,東昇,198
2026/07/25,前段,24.65,93,62.81,正常登錄,製造,永利,88
2026/06/20,中段,56.69,191,90.33,待確認,資材,順發,86
2026/07/23,後段,58.90,59,47.79,已回報,品保,東昇,56
2026/06/28,完成,13.64,85,78.26,已回報,研發,捷欣,5
2026/06/22,完成,62.57,53,3.33,正常登錄,研發,力鋼,66
2026/06/21,中段,30.52,96,90.67,已回報,品保,力鋼,22
2026/07/04,前段,49.43,0,28.66,已回報,資材,永利,216
2026/06/20,後段,26.32,236,4.10,待確認,品保,順發,118
2026/06/22,中段,55.40,53,7.70,正常登錄,品保,東昇,81
2026/07/09,前段,0.81,2,54.90,待確認,製造,捷欣,66
2026/07/07,後段,20.68,158,29.38,待確認,品保,大宏,41
2026/07/29,中段,0.38,2,4.73,已回報,製造,東昇,221
2026/07/02,中段,91.06,185,67.91,正常登錄,品保,大宏,162
2026/06/26,中段,37.24,0,68.86,待確認,研發,捷欣,49
2026/06/09,前段,58.86,110,89.79,正常登錄,營運,力鋼,108
2026/07/15,後段,82.04,62,66.08,已回報,品保,東昇,223
2026/07/18,中段,4.92,131,25.83,正常登錄,品保,永利,12
2026/07/19,完成,85.12,0,75.88,已回報,資材,捷欣,141
2026/06/10,後段,1.89,93,75.05,待確認,製造,東昇,133
2026/06/03,前段,50.84,148,80.95,正常登錄,營運,順發,203
2026/06/14,前段,23.25,0,27.91,正常登錄,研發,東昇,42
2026/07/11,中段,79.75,0,76.03,正常登錄,製造,捷欣,168
2026/07/22,中段,50.67,0,36.93,正常登錄,品保,大宏,163
2026/06/19,後段,18.81,40,51.82,待確認,製造,大宏,3
2026/06/11,前段,23.52,29,73.58,正常登錄,製造,永利,72
2026/06/20,完成,78.61,111,69.25,正常登錄,品保,順發,215
2026/07/18,後段,17.57,143,74.68,正常登錄,製造,順發,239
2026/07/14,後段,5.16,79,70.12,已回報,研發,捷欣,135
2026/07/19,中段,79.79,122,65.64,正常登錄,品保,永利,25
2026/07/29,後段,85.39,133,47.75,正常登錄,製造,捷欣,67
2026/06/23,中段,63.36,0,68.54,正常登錄,資材,捷欣,186
2026/06/23,完成,80.33,74,97.57,正常登錄,製造,捷欣,28
2026/06/05,中段,10.66,229,93.51,正常登錄,研發,捷欣,212
2026/06/04,前段,35.10,0,34.01,正常登錄,品保,永利,41
2026/06/17,後段,94.27,112,10.96,正常登錄,製造,東昇,95
2026/06/17,後段,63.45,221,39.06,正常登錄,研發,東昇,161
2026/07/17,完成,1.13,86,78.50,待確認,營運,力鋼,30
2026/07/28,後段,71.23,42,24.65,正常登錄,研發,東昇,219
2026/07/23,中段,23.31,45,74.71,正常登錄,營運,大宏,84
2026/07/30,完成,93.44,0,58.29,正常登錄,營運,捷欣,214
2026/06/17,中段,40.09,43,44.68,已回報,製造,大宏,171
2026/07/07,後段,65.55,51,38.78,正常登錄,營運,力鋼,9
2026/06/18,完成,89.80,159,40.35,正常登錄,資材,順發,148
2026/06/14,後段,9.48,0,50.63,正常登錄,品保,順發,116
2026/06/08,中段,82.12,231,9.51,已回報,營運,永利,85
2026/06/02,完成,88.20,0,17.29,已回報,研發,順發,186
2026/07/19,完成,79.39,190,46.10,正常登錄,營運,順發,88
2026/07/25,後段,45.98,62,92.33,正常登錄,製造,力鋼,31
2026/07/19,完成,89.55,39,86.08,已回報,營運,永利,159
2026/06/27,中段,18.40,0,89.13,正常登錄,資材,順發,47
2026/06/12,前段,83.54,130,44.83,待確認,品保,大宏,59
2026/06/14,完成,4.68,126,85.35,待確認,資材,順發,30
2026/06/08,前段,60.19,169,66.07,正常登錄,品保,大宏,33
2026/06/03,前段,24.64,26,47.07,已回報,品保,大宏,205
2026/07/10,完成,58.04,151,26.04,正常登錄,資材,大宏,111
2026/07/03,後段,47.25,0,20.27,正常登錄,營運,捷欣,155
2026/06/22,前段,61.58,17,51.67,已回報,製造,東昇,40
2026/07/22,前段,79.02,0,4.99,待確認,製造,永利,18
2026/06/20,完成,82.52,142,11.66,正常登錄,資材,大宏,112
2026/06/08,中段,65.33,114,66.11,待確認,營運,順發,183
2026/07/10,前段,43.37,0,94.95,正常登錄,製造,捷欣,123
2026/06/04,完成,87.10,139,59.54,待確認,營運,捷欣,207
2026/07/21,前段,40.10,174,63.84,正常登錄,研發,順發,118
2026/07/23,前段,20.28,16,59.07,正常登錄,資材,力鋼,29
2026/06/15,前段,23.07,8,9.71,已回報,營運,永利,71
2026/06/16,中段,14.58,225,2.11,正常登錄,營運,永利,99
2026/07/30,完成,30.26,151,45.36,待確認,製造,力鋼,53
2026/07/01,前段,97.71,185,75.71,正常登錄,製造,東昇,98
2026/07/19,後段,49.09,57,52.98,正常登錄,營運,力鋼,44
2026/07/23,中段,47.07,0,7.92,正常登錄,製造,捷欣,69
2026/06/11,中段,38.97,131,83.96,正常登錄,製造,捷欣,186
2026/07/26,完成,28.27,5,55.19,正常登錄,營運,順發,236
2026/06/01,中段,47.96,0,30.42,待確認,研發,力鋼,142
2026/07/11,後段,34.25,194,41.44,正常登錄,製造,大宏,228
2026/06/28,前段,44.22,12,67.30,正常登錄,製造,力鋼,17
2026/07/17,完成,24.88,0,50.38,正常登錄,研發,力鋼,73
2026/06/04,後段,3.37,119,1.07,待確認,營運,東昇,171
2026/06/27,中段,90.95,63,5.32,已回報,營運,順發,189
2026/06/25,前段,11.46,0,30.61,正常登錄,資材,東昇,152
2026/06/16,前段,65.02,171,84.57,已回報,品保,東昇,117
2026/06/05,前段,61.07,199,22.08,待確認,研發,永利,3
2026/06/12,前段,58.50,11,35.60,已回報,營運,永利,123
2026/07/17,中段,84.49,232,30.37,正常登錄,製造,力鋼,69
2026/06/08,前段,94.97,0,62.73,待確認,品保,東昇,66
2026/06/02,完成,50.17,88,89.52,待確認,品保,力鋼,117
2026/07/29,前段,20.85,147,10.20,待確認,製造,力鋼,90
2026/07/21,前段,78.04,9,55.33,已回報,資材,捷欣,133
2026/06/25,前段,63.19,0,72.02,待確認,研發,順發,164
2026/06/26,前段,25.55,0,13.58,正常登錄,製造,大宏,16
2026/07/10,後段,49.20,0,94.97,正常登錄,資材,大宏,229
2026/06/15,中段,72.73,238,96.95,待確認,營運,捷欣,58
2026/07/01,後段,76.42,0,8.55,正常登錄,研發,順發,240
2026/07/30,後段,81.12,0,65.09,正常登錄,營運,永利,61
2026/07/10,中段,40.67,9,8.99,正常登錄,品保,力鋼,130
2026/06/25,前段,63.83,27,31.06,已回報,資材,力鋼,103
2026/06/06,完成,20.08,97,39.49,待確認,製造,大宏,119
2026/06/07,前段,65.82,17,10.46,正常登錄,品保,順發,37
2026/07/21,前段,36.42,51,61.41,正常登錄,製造,東昇,101
2026/06/10,中段,88.31,111,49.99,正常登錄,製造,東昇,89
2026/06/10,中段,86.80,147,51.16,待確認,資材,力鋼,5
2026/07/01,中段,3.38,70,65.57,待確認,品保,順發,196
2026/07/09,完成,9160.00,0,54.07,正常登錄,製造,永利,75
2026/07/24,前段,39.27,30,1.02,正常登錄,研發,捷欣,62
2026/07/16,前段,9.47,118,29.69,正常登錄,品保,永利,6
2026/07/21,前段,89.02,25,96.19,待確認,研發,東昇,208
2026/06/16,完成,75.05,0,30.20,正常登錄,營運,順發,216
2026/07/03,後段,63.27,240,5.91,已回報,研發,大宏,125
2026/07/14,前段,95.06,83,58.34,待確認,品保,東昇,174
2026/06/20,前段,47.75,142,37.16,正常登錄,製造,大宏,111
2026/06/15,中段,50.57,154,26.48,正常登錄,製造,力鋼,108
2026/06/18,前段,25.00,0,78.98,待確認,資材,順發,217
2026/06/20,完成,20.00,222,89.86,已回報,資材,順發,20
2026/06/19,後段,86.03,0,45.31,正常登錄,製造,東昇,131
2026/06/07,前段,26.41,131,6.40,正常登錄,資材,永利,113
2026/06/29,中段,78.03,78,48.58,正常登錄,營運,力鋼,100
2026/06/01,前段,35.68,197,24.98,正常登錄,營運,東昇,182
2026/07/18,前段,71.31,131,16.25,正常登錄,研發,順發,25
2026/07/23,完成,9.87,193,78.69,正常登錄,製造,捷欣,223
2026/07/04,完成,56.77,212,38.89,待確認,營運,東昇,138
2026/07/07,前段,0.90,5,10.72,正常登錄,品保,力鋼,22
2026/06/04,完成,96.93,186,80.23,待確認,研發,力鋼,39
2026/06/12,中段,50.52,11,58.21,已回報,品保,永利,146
2026/06/05,前段,47.99,239,81.80,正常登錄,製造,大宏,62
2026/07/13,後段,92.43,88,83.34,已回報,營運,順發,100
2026/07/09,中段,14.03,97,96.48,正常登錄,品保,力鋼,114
2026/07/10,完成,1.34,211,72.37,正常登錄,營運,順發,93
2026/06/13,前段,5.24,0,36.28,正常登錄,品保,順發,185
2026/06/10,中段,95.95,91,43.24,正常登錄,製造,力鋼,21
2026/06/27,後段,84.20,13,87.40,正常登錄,研發,東昇,16
2026/06/05,完成,58.01,19,81.20,正常登錄,資材,東昇,83
2026/07/04,前段,5.33,28,34.34,已回報,製造,力鋼,90
2026/06/15,中段,85.32,118,17.51,正常登錄,品保,東昇,193
2026/06/07,前段,50.02,30,68.14,正常登錄,研發,東昇,28
2026/06/17,完成,45.18,59,96.65,正常登錄,製造,力鋼,171
2026/06/16,前段,68.11,224,33.29,待確認,製造,東昇,166
2026/06/16,完成,61.60,149,1.28,待確認,營運,大宏,63
2026/07/12,完成,70.75,0,44.64,正常登錄,研發,順發,140
2026/06/08,中段,21.45,131,13.01,正常登錄,研發,捷欣,95
2026/07/11,前段,77.19,120,54.81,正常登錄,研發,捷欣,211
2026/06/04,中段,6.45,42,26.63,已回報,營運,大宏,59
2026/07/14,完成,93.12,178,63.86,正常登錄,研發,力鋼,225
2026/07/20,中段,2.27,0,65.52,已回報,資材,大宏,119
2026/06/17,中段,49.77,0,9.57,待確認,營運,捷欣,160
2026/06/07,後段,77.68,67,89.88,待確認,資材,順發,64
2026/06/22,前段,2.37,80,16.04,已回報,資材,東昇,97
2026/07/05,完成,73.54,214,51.65,待確認,資材,捷欣,129
2026/07/11,後段,61.95,232,86.60,待確認,品保,順發,161
2026/06/15,前段,50.26,0,79.45,正常登錄,資材,力鋼,227
2026/06/29,中段,35.27,0,74.11,已回報,營運,永利,227
2026/06/22,後段,45.57,135,80.94,已回報,品保,大宏,205
2026/06/11,後段,91.03,188,79.88,待確認,品保,東昇,120
2026/07/07,前段,10.48,121,5.58,已回報,資材,東昇,43
2026/06/04,完成,45.60,0,85.69,待確認,資材,東昇,236
2026/07/22,後段,43.28,237,95.30,正常登錄,品保,力鋼,216
2026/06/21,後段,79.12,0,85.96,已回報,資材,力鋼,33
2026/07/29,後段,96.70,0,31.87,已回報,資材,捷欣,232
2026/06/19,前段,0.63,83,34.31,正常登錄,研發,捷欣,150
2026/06/28,完成,53.08,197,83.81,已回報,營運,永利,26
2026/07/17,後段,84.69,143,41.68,正常登錄,研發,力鋼,217
2026/06/09,後段,2.46,238,97.39,正常登錄,研發,永利,127
2026/06/05,後段,84.11,38,25.40,正常登錄,品保,東昇,195
2026/06/16,完成,31.07,78,1.29,待確認,品保,捷欣,237
2026/06/11,前段,29.21,160,56.06,待確認,品保,東昇,150
2026/07/14,前段,15.79,88,36.57,已回報,資材,順發,63
2026/06/20,中段,19.19,113,7.89,已回報,品保,力鋼,102
2026/06/20,中段,15.63,232,87.87,正常登錄,資材,力鋼,202
2026/07/12,完成,8.46,0,64.70,正常登錄,製造,永利,218
2026/07/29,後段,87.54,158,85.53,正常登錄,資材,順發,59
2026/06/30,前段,50.85,70,62.64,正常登錄,品保,捷欣,172
2026/07/08,後段,51.55,0,6.78,已回報,製造,永利,67
2026/06/08,前段,39.09,67,26.30,正常登錄,研發,東昇,102
2026/07/30,中段,50.21,7,51.82,已回報,資材,力鋼,238
2026/06/09,完成,10.22,137,41.16,正常登錄,研發,大宏,125
2026/07/07,完成,71.02,38,67.26,正常登錄,品保,大宏,205
2026/07/07,前段,14.71,114,29.57,正常登錄,研發,力鋼,65
2026/06/14,中段,37.46,160,87.81,已回報,研發,東昇,18
2026/06/28,前段,26.20,194,88.97,待確認,研發,大宏,136
2026/06/15,完成,44.04,57,20.42,正常登錄,品保,捷欣,147
2026/07/13,後段,55.11,0,35.58,已回報,資材,順發,58
2026/06/21,後段,89.26,134,48.43,待確認,營運,永利,211
2026/06/17,前段,16.49,220,90.53,已回報,營運,東昇,236
2026/07/09,完成,43.23,0,40.32,正常登錄,營運,永利,92
2026/06/02,完成,22.54,184,26.38,正常登錄,製造,東昇,215
2026/06/20,後段,55.73,0,56.12,已回報,研發,捷欣,233
2026/07/15,完成,71.47,68,23.34,已回報,研發,東昇,197
2026/07/15,前段,94.61,0,70.28,待確認,品保,捷欣,69
2026/07/23,中段,40.98,0,7.55,正常登錄,製造,順發,209
2026/06/24,中段,32.39,0,84.39,已回報,品保,東昇,24
2026/06/01,後段,55.77,167,82.83,已回報,資材,大宏,234
2026/07/15,前段,64.94,155,13.60,已回報,營運,大宏,129
2026/06/15,中段,54.15,216,30.00,正常登錄,研發,永利,123
2026/07/09,完成,97.05,190,64.19,正常登錄,資材,東昇,146
2026/07/21,完成,82.00,0,73.46,正常登錄,製造,順發,153
2026/06/16,中段,20.40,129,24.79,待確認,研發,捷欣,84
2026/06/09,中段,44.39,0,77.26,正常登錄,品保,永利,134
2026/07/11,後段,72.77,0,62.67,待確認,品保,大宏,150
2026/07/27,後段,18.66,164,76.45,待確認,資材,捷欣,78
2026/06/07,中段,10.25,208,12.58,已回報,研發,東昇,121
2026/07/01,後段,42.60,78,93.82,正常登錄,品保,捷欣,134
2026/06/07,後段,50.32,0,95.65,正常登錄,品保,大宏,53
2026/07/29,中段,27.61,100,40.95,已回報,營運,順發,160
2026/07/28,完成,82.53,136,16.36,待確認,資材,力鋼,130
2026/06/06,後段,7.28,129,36.94,正常登錄,品保,力鋼,105
2026/06/10,後段,48.75,0,43.39,正常登錄,品保,東昇,182
2026/06/08,後段,86.75,229,45.39,正常登錄,資材,順發,28
2026/07/13,完成,43.13,42,21.61,待確認,資材,大宏,162
2026/07/05,前段,25.19,0,62.86,待確認,資材,力鋼,231
2026/06/10,中段,25.44,61,11.42,正常登錄,資材,力鋼,136
2026/07/05,前段,37.09,166,23.36,待確認,營運,永利,150
2026/07/22,後段,37.86,0,95.44,已回報,製造,捷欣,117
2026/07/01,完成,54.96,0,95.35,正常登錄,資材,永利,211
2026/07/22,前段,10.02,79,16.16,正常登錄,營運,大宏,128
2026/07/13,前段,90.34,226,70.47,正常登錄,品保,東昇,105
2026/07/05,完成,22.52,177,53.61,正常登錄,製造,大宏,197
2026/06/26,前段,68.60,43,38.09,已回報,營運,東昇,212
2026/07/08,前段,65.45,150,64.76,已回報,研發,大宏,195
2026/07/11,中段,34.67,92,38.67,正常登錄,品保,永利,194
2026/06/08,中段,59.06,139,73.21,正常登錄,研發,大宏,231
2026/07/20,前段,97.76,0,29.00,待確認,資材,東昇,151
2026/06/28,中段,0.97,9,86.79,正常登錄,品保,順發,77
2026/06/26,後段,79.68,73,73.48,正常登錄,研發,捷欣,100
2026/07/27,完成,93.19,167,56.78,待確認,製造,力鋼,43
2026/07/01,完成,65.82,129,9.52,待確認,營運,東昇,51
2026/06/20,完成,37.74,34,66.41,正常登錄,製造,捷欣,107
2026/07/20,後段,48.04,105,65.76,待確認,資材,捷欣,156
2026/06/12,中段,68.23,0,11.24,待確認,研發,捷欣,104
2026/07/15,中段,27.21,136,1.33,正常登錄,製造,大宏,92
2026/07/24,後段,14.21,124,82.02,正常登錄,製造,大宏,57
2026/06/05,完成,12.72,42,35.10,正常登錄,研發,順發,80
2026/06/19,後段,64.04,66,92.88,正常登錄,研發,順發,198
2026/06/30,前段,87.06,0,53.20,正常登錄,品保,捷欣,90
2026/07/01,中段,32.61,60,0.62,正常登錄,研發,大宏,39
2026/06/25,前段,94.21,130,58.92,已回報,資材,捷欣,193
2026/07/11,後段,75.27,240,71.08,待確認,營運,力鋼,118
2026/06/15,前段,11.67,0,82.29,正常登錄,研發,力鋼,181
2026/07/16,前段,37.26,24,37.77,正常登錄,資材,大宏,181
2026/06/30,中段,68.72,49,89.81,正常登錄,製造,順發,142
2026/07/08,完成,77.43,213,78.78,正常登錄,品保,永利,153
2026/06/09,前段,16.49,115,43.69,正常登錄,研發,大宏,151
2026/06/03,後段,77.71,94,85.04,正常登錄,製造,大宏,138
2026/06/03,完成,92.94,181,63.93,待確認,營運,捷欣,113
2026/06/29,完成,47.79,21,74.03,正常登錄,製造,力鋼,10
2026/07/25,完成,25.77,239,76.99,正常登錄,製造,永利,7
2026/06/11,後段,55.88,187,38.13,已回報,製造,大宏,212
2026/06/25,後段,47.29,113,86.03,正常登錄,製造,捷欣,223
2026/07/25,完成,91.73,134,2.04,正常登錄,製造,東昇,138
2026/06/19,前段,93.71,0,16.28,正常登錄,品保,東昇,201
2026/06/20,前段,28.28,208,90.83,正常登錄,品保,大宏,99
2026/07/25,完成,67.89,0,60.07,正常登錄,製造,東昇,48
2026/06/08,中段,27.87,0,53.69,待確認,品保,順發,234
2026/06/05,完成,24.14,96,4.37,正常登錄,資材,捷欣,116
2026/07/12,中段,44.81,61,95.64,正常登錄,製造,捷欣,219
2026/06/19,中段,10.39,0,50.60,已回報,品保,大宏,174
2026/07/20,完成,0.65,4,32.69,已回報,營運,永利,74
2026/07/17,中段,4.58,0,80.28,正常登錄,營運,東昇,187
2026/06/14,中段,5.90,37,32.07,正常登錄,研發,東昇,239
2026/07/04,後段,44.67,162,18.57,已回報,資材,永利,81
2026/06/21,中段,27.41,37,83.46,已回報,資材,力鋼,50
2026/06/01,前段,53.49,0,49.28,正常登錄,研發,永利,145
2026/07/21,前段,75.88,132,29.63,正常登錄,資材,順發,117
2026/07/06,後段,46.29,55,20.24,待確認,資材,大宏,146
2026/06/26,後段,1.47,209,60.98,正常登錄,研發,大宏,65
2026/06/06,後段,79.83,212,80.09,待確認,資材,東昇,102
2026/06/05,完成,70.44,234,82.46,正常登錄,研發,捷欣,166
2026/06/16,後段,86.87,0,81.84,正常登錄,研發,大宏,239
2026/07/21,完成,41.26,185,35.68,已回報,營運,東昇,76
2026/07/26,前段,32.91,123,70.38,已回報,研發,東昇,228
2026/06/25,中段,3.79,105,84.19,正常登錄,營運,順發,184
2026/06/30,後段,1.43,73,58.02,待確認,研發,大宏,191
2026/07/26,中段,0.55,2,5.28,正常登錄,營運,力鋼,63
2026/06/09,中段,34.15,177,82.58,正常登錄,製造,大宏,152
2026/07/08,中段,2.59,212,24.31,正常登錄,研發,東昇,155
2026/06/02,完成,43.98,0,67.02,待確認,資材,東昇,201
2026/07/17,中段,23.60,0,91.04,正常登錄,品保,順發,84
2026/06/05,後段,65.23,0,18.34,正常登錄,研發,順發,165
2026/07/09,前段,44.10,0,50.34,已回報,品保,順發,65
2026/06/26,中段,55.26,0,72.66,正常登錄,營運,捷欣,179
2026/07/24,前段,77.63,0,26.03,待確認,營運,力鋼,31
2026/07/06,前段,27.69,0,39.85,已回報,資材,力鋼,131
2026/07/27,完成,71.52,39,17.26,正常登錄,研發,捷欣,211
2026/07/21,完成,56.35,80,93.01,已回報,資材,東昇,62
2026/06/13,後段,54.61,162,91.58,已回報,營運,東昇,139
2026/06/17,前段,38.54,146,25.90,正常登錄,品保,捷欣,137
2026/07/24,中段,71.56,188,49.34,正常登錄,品保,大宏,184
2026/06/29,前段,26.16,86,74.71,待確認,品保,捷欣,179
2026/07/10,完成,68.69,0,34.12,正常登錄,研發,永利,13
2026/06/29,中段,67.03,43,20.44,待確認,品保,永利,34
2026/07/10,後段,25.93,17,38.29,已回報,資材,永利,236
2026/06/09,前段,18.19,98,43.37,正常登錄,研發,順發,77
2026/06/24,前段,37.76,234,90.08,待確認,營運,大宏,5
2026/06/09,前段,13.50,0,44.73,正常登錄,品保,力鋼,218
2026/06/22,後段,42.50,0,30.83,正常登錄,製造,捷欣,208
2026/07/13,後段,33.13,97,61.72,正常登錄,營運,永利,83
2026/06/02,完成,35.52,21,90.91,正常登錄,研發,大宏,183
2026/07/10,前段,26.69,28,21.58,正常登錄,品保,大宏,144
2026/06/01,前段,71.01,75,69.50,正常登錄,營運,力鋼,51
2026/07/09,後段,16.60,146,34.29,待確認,研發,順發,128
2026/07/24,前段,21.88,53,90.42,已回報,營運,力鋼,7
2026/07/26,後段,0.73,2,65.62,已回報,品保,力鋼,218
2026/06/25,完成,45.11,0,79.21,正常登錄,品保,永利,105
2026/06/02,後段,17.49,104,65.51,正常登錄,資材,力鋼,140
2026/06/01,後段,3.64,92,91.00,已回報,製造,永利,233
2026/07/11,前段,57.60,109,5.09,正常登錄,資材,力鋼,195
2026/07/22,後段,26.12,122,39.63,待確認,研發,大宏,19
2026/07/10,完成,47.34,51,62.47,正常登錄,資材,順發,22
2026/07/18,前段,65.30,16,81.46,待確認,營運,永利,122
2026/06/30,後段,0.94,8,23.59,待確認,營運,順發,209
2026/06/30,完成,68.37,175,61.60,正常登錄,資材,順發,210
2026/06/06,後段,23.08,90,40.01,正常登錄,資材,捷欣,230
2026/07/11,完成,30.56,0,68.68,待確認,品保,東昇,134
2026/07/17,前段,20.47,0,77.15,正常登錄,製造,大宏,185
2026/06/15,後段,26.79,0,24.70,已回報,製造,永利,114
2026/06/19,後段,61.74,212,5.25,待確認,營運,捷欣,233
2026/06/10,前段,18.50,0,31.97,正常登錄,製造,東昇,132
2026/07/02,完成,39.94,0,47.70,待確認,研發,捷欣,215
2026/07/06,中段,90.08,171,66.91,待確認,品保,大宏,237
2026/06/17,中段,11.45,0,47.00,已回報,研發,力鋼,215
2026/06/23,前段,36.38,0,78.77,正常登錄,資材,力鋼,172
2026/07/10,後段,39.73,62,33.83,正常登錄,研發,大宏,96
2026/06/06,中段,27.67,126,85.67,正常登錄,資材,大宏,189
2026/06/05,完成,14.40,55,45.41,正常登錄,研發,永利,27
2026/06/11,中段,51.72,0,62.37,已回報,營運,捷欣,206
2026/06/10,前段,48.09,0,24.31,正常登錄,資材,捷欣,205
2026/06/02,前段,58.03,193,20.05,正常登錄,研發,力鋼,21
2026/07/25,完成,34.60,218,81.36,正常登錄,資材,東昇,157
2026/06/05,後段,75.22,128,47.11,正常登錄,品保,順發,140
2026/06/28,中段,92.31,106,92.07,待確認,營運,力鋼,119
2026/07/22,中段,18.78,79,22.09,正常登錄,資材,順發,120
2026/06/11,前段,0.82,8,27.05,已回報,資材,東昇,221
2026/06/16,完成,61.11,227,72.21,待確認,營運,順發,206
2026/07/12,完成,17.64,0,17.59,正常登錄,品保,順發,155
2026/06/10,前段,73.56,0,96.20,正常登錄,研發,永利,3
2026/07/18,中段,92.06,196,7.84,正常登錄,營運,永利,42
2026/07/26,中段,50.04,0,69.90,正常登錄,研發,順發,158
2026/07/12,後段,31.40,0,37.31,正常登錄,品保,東昇,214
2026/06/24,中段,80.27,117,17.94,正常登錄,資材,順發,4
2026/06/08,完成,23.08,0,92.39,待確認,品保,順發,210
2026/06/10,完成,7.75,0,59.88,正常登錄,品保,力鋼,132
2026/07/07,前段,61.18,212,84.42,正常登錄,製造,大宏,98
2026/07/12,完成,71.36,67,50.61,已回報,製造,順發,99
2026/07/11,中段,73.26,127,6.26,待確認,品保,捷欣,40
2026/06/26,前段,0.32,0,35.64,正常登錄,研發,順發,112
2026/06/08,中段,69.62,0,23.21,待確認,品保,東昇,16
2026/07/12,後段,88.21,0,22.77,已回報,營運,永利,42
2026/06/13,後段,52.70,130,27.35,正常登錄,製造,大宏,81
2026/06/22,中段,17.48,0,62.35,已回報,資材,大宏,193
2026/06/26,完成,60.44,0,59.81,正常登錄,資材,順發,79
2026/06/17,完成,26.67,189,87.85,已回報,營運,順發,67
2026/06/13,中段,58.21,20,28.88,正常登錄,營運,永利,15
2026/07/03,完成,86.21,179,15.08,正常登錄,製造,捷欣,223
2026/06/05,完成,45.39,136,74.48,正常登錄,營運,順發,18
2026/06/17,完成,63.62,0,74.45,正常登錄,製造,東昇,172
2026/07/19,後段,89.13,0,46.82,正常登錄,製造,捷欣,154
2026/06/11,後段,90.11,54,53.82,正常登錄,品保,捷欣,91
2026/06/07,前段,10.12,65,17.59,待確認,品保,東昇,213
2026/06/25,前段,29.65,135,43.23,正常登錄,資材,捷欣,87
2026/07/16,中段,40.49,0,80.14,正常登錄,營運,大宏,161
2026/06/28,完成,17.41,86,52.66,正常登錄,研發,捷欣,238
2026/07/07,完成,85.71,230,69.36,正常登錄,製造,永利,149
2026/07/23,後段,89.45,116,1.28,正常登錄,研發,大宏,210
2026/07/18,完成,40.58,150,31.25,正常登錄,製造,捷欣,232
2026/06/13,中段,14.94,61,89.51,正常登錄,品保,順發,113
2026/06/08,後段,12.47,0,89.72,正常登錄,資材,力鋼,51
2026/06/08,後段,41.28,0,56.94,已回報,研發,永利,8
2026/06/02,完成,2.58,7,37.87,正常登錄,研發,捷欣,82
2026/07/27,前段,18.68,0,32.22,正常登錄,品保,捷欣,141
2026/07/17,後段,6.48,53,84.69,正常登錄,營運,力鋼,112
2026/07/28,前段,54.04,0,18.15,正常登錄,研發,順發,228
2026/07/29,前段,18.30,18,11.53,正常登錄,研發,力鋼,38
2026/07/08,後段,50.38,0,96.82,正常登錄,品保,永利,16
2026/07/12,前段,51.83,126,35.67,正常登錄,製造,東昇,229
2026/06/20,完成,16.49,22,4.38,正常登錄,製造,力鋼,76
2026/07/03,後段,66.32,0,92.30,待確認,製造,永利,181
2026/06/18,後段,79.10,85,50.28,正常登錄,營運,力鋼,37
2026/07/26,中段,10.72,54,31.00,待確認,研發,順發,68
2026/07/17,完成,23.25,98,75.59,待確認,資材,力鋼,125
2026/06/08,中段,90.12,0,39.93,正常登錄,製造,力鋼,77
2026/07/01,完成,25.24,201,46.99,待確認,製造,順發,142
2026/06/12,完成,64.75,0,23.93,正常登錄,資材,捷欣,82
2026/06/16,前段,17.00,158,42.71,正常登錄,製造,東昇,106
2026/06/24,完成,40.83,233,71.76,正常登錄,營運,大宏,165
2026/06/04,中段,10.10,217,51.24,待確認,品保,大宏,20
2026/06/19,前段,22.09,41,40.56,已回報,製造,力鋼,48
2026/06/12,中段,48.96,27,6.81,已回報,研發,捷欣,222
2026/06/11,中段,69.44,222,90.76,已回報,營運,永利,95
2026/06/06,中段,49.03,149,58.64,已回報,製造,力鋼,83
2026/06/12,前段,33.85,55,19.72,正常登錄,品保,力鋼,142
2026/07/02,中段,73.92,192,79.48,正常登錄,研發,順發,46
2026/07/21,中段,24.22,62,86.17,待確認,資材,力鋼,98
2026/06/13,前段,76.06,168,3.47,正常登錄,資材,順發,2
2026/06/29,後段,2.46,0,68.61,正常登錄,資材,捷欣,142
2026/07/17,完成,45.63,33,58.90,正常登錄,研發,捷欣,138
2026/07/20,中段,65.00,69,25.59,正常登錄,資材,捷欣,41
2026/06/21,完成,8952.00,0,49.71,正常登錄,品保,捷欣,165
2026/07/10,完成,24.92,101,17.49,正常登錄,品保,大宏,99
2026/07/14,後段,34.21,96,70.61,正常登錄,製造,大宏,33
2026/07/26,前段,89.87,66,28.66,正常登錄,營運,東昇,6
2026/07/13,完成,14.72,184,16.66,正常登錄,品保,順發,223
2026/06/18,前段,94.31,165,51.59,正常登錄,研發,永利,93
2026/06/18,中段,36.80,40,21.77,已回報,研發,捷欣,12
2026/06/21,前段,15.21,236,9.04,正常登錄,資材,東昇,35
2026/06/16,中段,0.98,8,82.54,正常登錄,資材,力鋼,145
2026/07/05,完成,15.90,231,7.04,已回報,研發,順發,94
2026/07/07,中段,4.51,0,3.17,已回報,製造,力鋼,54
2026/07/17,後段,77.21,74,40.95,正常登錄,品保,力鋼,23
2026/07/12,完成,65.07,224,38.27,待確認,營運,東昇,151
2026/06/06,後段,62.21,84,33.21,正常登錄,資材,永利,49
2026/06/14,前段,84.49,87,95.18,正常登錄,營運,永利,49
2026/06/08,中段,94.49,0,59.04,正常登錄,資材,力鋼,113
2026/06/25,後段,34.54,0,31.83,待確認,品保,大宏,80
2026/07/15,完成,20.89,0,13.70,正常登錄,營運,永利,68
2026/07/25,中段,14.46,0,81.16,待確認,品保,順發,23
2026/06/05,前段,91.11,163,88.10,正常登錄,資材,捷欣,11
2026/06/23,前段,56.04,40,83.13,正常登錄,品保,捷欣,147
2026/06/01,後段,95.61,0,89.34,正常登錄,營運,順發,25
2026/06/13,後段,94.77,171,74.54,已回報,製造,力鋼,166
2026/07/25,前段,26.96,182,50.92,正常登錄,營運,力鋼,1
2026/07/22,後段,29.14,119,6.21,正常登錄,製造,順發,239
2026/06/02,後段,59.25,27,89.43,正常登錄,研發,順發,71
2026/07/04,中段,32.26,105,71.81,正常登錄,營運,捷欣,201
2026/07/12,完成,69.24,175,90.69,正常登錄,研發,力鋼,165
2026/07/05,完成,77.67,0,8.87,正常登錄,資材,捷欣,76
2026/06/19,完成,43.40,233,19.90,正常登錄,製造,大宏,89
2026/06/09,前段,52.96,161,88.08,正常登錄,品保,力鋼,81
2026/06/18,前段,97.75,0,66.84,待確認,研發,東昇,146
2026/06/02,完成,32.79,18,22.72,待確認,研發,大宏,105
2026/06/24,前段,72.52,151,47.89,正常登錄,營運,東昇,72
2026/07/28,完成,16.95,110,45.39,正常登錄,資材,永利,12
2026/07/29,前段,17.65,179,90.87,正常登錄,資材,捷欣,185
2026/06/08,後段,95.21,0,41.42,正常登錄,製造,大宏,17
2026/06/03,完成,18.22,214,31.44,正常登錄,營運,順發,147
2026/06/07,後段,47.64,155,89.65,正常登錄,品保,東昇,81
2026/06/12,完成,43.56,0,60.75,待確認,資材,永利,41
2026/07/20,完成,30.17,122,40.43,待確認,品保,東昇,70
2026/06/27,完成,84.21,0,52.91,已回報,資材,大宏,130
2026/06/19,後段,2.49,103,75.63,正常登錄,營運,力鋼,234
2026/06/26,中段,11.61,0,52.85,待確認,營運,大宏,193
2026/07/13,完成,68.52,9,55.25,待確認,資材,順發,138
2026/07/02,中段,22.81,6,96.43,待確認,營運,大宏,208
2026/07/17,完成,42.27,136,79.09,待確認,營運,大宏,121
2026/07/18,前段,17.43,13,0.26,正常登錄,製造,東昇,148
2026/06/12,前段,73.91,0,78.38,正常登錄,品保,順發,45
2026/06/29,完成,23.13,145,38.89,正常登錄,研發,順發,40
2026/07/10,完成,87.53,101,26.26,正常登錄,研發,東昇,106
2026/06/26,後段,63.83,120,12.44,正常登錄,資材,力鋼,208
2026/07/24,前段,8.35,0,40.07,待確認,品保,東昇,191
2026/07/02,中段,77.41,9,51.34,待確認,品保,永利,40
2026/07/19,完成,24.07,0,93.86,正常登錄,營運,順發,238
2026/07/28,中段,92.15,133,24.67,正常登錄,品保,永利,75
2026/07/24,後段,28.89,195,2.65,正常登錄,資材,順發,120
2026/07/05,中段,9.13,191,58.60,正常登錄,製造,力鋼,136
2026/07/22,完成,63.08,102,88.82,已回報,製造,捷欣,192
2026/07/18,中段,90.25,191,81.87,正常登錄,研發,東昇,16
2026/06/30,完成,86.40,0,88.16,已回報,資材,東昇,221
2026/07/24,前段,54.20,194,24.89,正常登錄,製造,東昇,212
2026/07/11,前段,10.87,136,95.58,正常登錄,資材,捷欣,225
2026/06/17,前段,85.75,23,35.32,正常登錄,營運,捷欣,109
2026/07/01,後段,20.10,4,43.15,正常登錄,研發,順發,111
2026/06/17,後段,39.42,195,23.76,已回報,資材,捷欣,91
2026/07/29,完成,89.37,0,90.35,正常登錄,製造,捷欣,114
2026/07/04,前段,13.58,17,48.82,待確認,品保,大宏,78
2026/07/10,前段,42.92,0,87.72,正常登錄,資材,大宏,46
2026/07/28,前段,72.11,125,6.16,正常登錄,營運,力鋼,135
2026/06/18,中段,10.68,229,69.32,已回報,研發,力鋼,181
2026/06/11,後段,46.00,0,24.15,正常登錄,營運,大宏,147
2026/06/25,完成,72.24,221,50.51,正常登錄,營運,力鋼,35
2026/06/28,後段,32.16,190,7.26,正常登錄,資材,順發,180
2026/06/21,後段,56.17,21,77.29,已回報,品保,大宏,102
2026/06/10,完成,33.09,119,40.17,已回報,資材,順發,150
2026/07/24,前段,96.11,138,4.92,已回報,營運,順發,111
2026/07/06,後段,65.53,106,90.67,已回報,研發,永利,217
2026/07/13,後段,88.43,0,7.76,已回報,資材,永利,220
2026/06/05,後段,0.90,8,44.68,已回報,資材,順發,179
2026/06/18,完成,59.57,14,31.39,待確認,營運,永利,80
2026/06/08,完成,30.00,24,67.43,正常登錄,品保,東昇,45
2026/07/22,後段,60.63,110,97.32,正常登錄,資材,順發,191
2026/06/12,後段,13.28,215,83.15,待確認,資材,東昇,144
2026/06/19,前段,71.20,0,95.41,待確認,品保,力鋼,20
2026/06/19,中段,64.32,75,18.21,正常登錄,資材,大宏,52
2026/07/02,完成,96.41,227,72.78,正常登錄,品保,順發,186
2026/07/10,後段,77.11,197,69.51,已回報,資材,捷欣,175
2026/07/01,前段,36.29,0,5.42,正常登錄,營運,捷欣,115
2026/06/01,完成,63.04,0,91.15,待確認,品保,力鋼,183
2026/06/11,前段,91.69,69,55.92,正常登錄,品保,力鋼,74
2026/06/07,完成,42.97,49,18.77,正常登錄,製造,捷欣,50
2026/07/13,中段,44.79,33,44.37,正常登錄,品保,力鋼,31
2026/07/02,後段,33.02,177,96.59,正常登錄,研發,力鋼,141
2026/06/30,完成,67.28,76,68.46,正常登錄,品保,東昇,47
2026/06/06,完成,79.13,194,72.06,正常登錄,研發,力鋼,132
2026/06/30,完成,92.01,178,62.17,正常登錄,製造,順發,17
2026/06/18,完成,51.61,140,35.17,正常登錄,資材,永利,28
2026/07/26,完成,20.73,0,52.33,待確認,研發,捷欣,43
2026/06/21,中段,8.15,191,42.37,正常登錄,品保,永利,143
2026/07/07,後段,62.51,235,78.28,正常登錄,營運,永利,12
2026/06/30,前段,43.58,78,0.97,正常登錄,資材,大宏,184
2026/07/30,後段,68.87,93,5.22,已回報,營運,力鋼,121
2026/07/13,後段,93.46,0,15.69,已回報,製造,捷欣,53
2026/06/24,後段,36.22,49,2.37,待確認,營運,大宏,186
2026/07/12,後段,48.14,118,85.24,正常登錄,品保,捷欣,102
2026/06/09,後段,71.18,0,25.38,待確認,研發,大宏,81
2026/06/24,後段,65.91,230,67.26,正常登錄,研發,東昇,53
2026/06/17,完成,29.06,0,39.39,正常登錄,製造,捷欣,214
2026/07/26,前段,33.58,8,76.97,正常登錄,研發,大宏,143
2026/06/10,完成,1.07,0,5.28,待確認,資材,東昇,82
2026/06/09,完成,6.12,163,21.00,正常登錄,營運,東昇,119
2026/07/24,完成,14.53,224,60.49,正常登錄,研發,大宏,143
2026/07/13,完成,35.73,174,85.67,已回報,製造,永利,167
2026/06/18,前段,10.33,135,44.61,正常登錄,營運,東昇,187
2026/07/03,後段,1.21,191,77.14,待確認,營運,力鋼,21
2026/07/21,前段,88.06,201,63.52,正常登錄,資材,順發,171
2026/06/01,前段,58.92,0,66.30,正常登錄,營運,力鋼,167
2026/07/21,完成,27.54,204,63.59,正常登錄,品保,捷欣,67
2026/06/10,後段,46.28,240,35.99,正常登錄,營運,大宏,176
2026/07/04,前段,33.77,0,56.17,正常登錄,研發,力鋼,229
2026/07/27,後段,86.67,201,71.78,已回報,資材,大宏,25
2026/07/28,前段,11.54,0,78.16,正常登錄,製造,順發,72
2026/07/05,前段,11.43,0,49.12,待確認,製造,力鋼,140
2026/06/14,完成,48.80,0,42.02,正常登錄,營運,力鋼,206
2026/07/29,中段,47.91,148,13.88,待確認,研發,永利,109
2026/06/16,前段,69.41,224,50.74,正常登錄,資材,永利,48
2026/07/15,完成,90.78,79,96.33,正常登錄,營運,力鋼,85
2026/06/20,前段,50.65,0,31.70,正常登錄,製造,大宏,11
2026/06/03,前段,56.61,27,79.18,正常登錄,研發,力鋼,108
2026/06/30,後段,55.38,72,4.44,正常登錄,資材,順發,23
2026/06/27,中段,74.03,0,4.03,正常登錄,研發,捷欣,214
2026/06/27,前段,72.37,235,75.48,正常登錄,製造,順發,99
2026/07/18,中段,87.73,0,57.21,待確認,營運,力鋼,219
2026/06/12,中段,91.90,0,28.15,正常登錄,製造,捷欣,32
2026/07/29,中段,1.29,224,33.21,待確認,研發,捷欣,119
2026/07/24,前段,68.89,40,72.14,正常登錄,營運,順發,114
2026/06/30,完成,97.94,141,18.56,已回報,資材,大宏,128
2026/06/28,完成,80.47,60,66.36,正常登錄,營運,永利,140
2026/07/18,前段,79.27,35,59.35,已回報,資材,順發,57
2026/07/22,中段,8.91,0,38.23,正常登錄,資材,捷欣,181
2026/07/18,完成,60.46,114,84.21,正常登錄,品保,力鋼,178
2026/06/20,後段,74.01,86,4.88,已回報,製造,東昇,97
2026/07/17,前段,86.19,93,76.81,正常登錄,研發,東昇,49
2026/07/15,中段,39.60,161,9.85,已回報,品保,大宏,86
2026/06/25,前段,85.42,169,54.78,正常登錄,營運,順發,225
2026/06/19,完成,45.53,235,35.49,待確認,研發,捷欣,179
2026/06/07,中段,5.95,0,51.23,正常登錄,研發,大宏,179
2026/07/02,中段,65.01,149,3.13,正常登錄,資材,永利,10
2026/07/03,中段,4.40,0,34.94,待確認,資材,力鋼,195
2026/07/09,完成,62.49,0,5.35,正常登錄,資材,東昇,134
2026/07/21,前段,82.14,240,91.32,待確認,研發,東昇,75
2026/07/02,後段,17.32,0,78.13,正常登錄,品保,順發,19
2026/06/16,後段,43.63,127,19.45,待確認,營運,順發,37
2026/06/23,中段,36.56,0,89.98,正常登錄,研發,永利,141
2026/06/14,完成,49.15,228,31.89,待確認,資材,順發,173
2026/06/27,中段,85.15,123,93.31,待確認,製造,永利,95
2026/06/16,中段,7.30,101,3.07,待確認,營運,捷欣,49
2026/06/03,完成,34.23,221,59.96,正常登錄,營運,東昇,16
2026/06/29,前段,59.58,230,66.32,正常登錄,製造,東昇,169
2026/06/15,中段,64.34,57,27.61,待確認,製造,大宏,154
2026/07/03,中段,53.44,112,87.15,正常登錄,資材,順發,218
2026/07/22,完成,25.07,146,72.17,正常登錄,品保,力鋼,5
2026/06/12,前段,63.95,140,22.29,已回報,資材,力鋼,214
2026/07/25,前段,31.30,24,72.32,已回報,營運,大宏,53
2026/07/22,後段,54.36,116,21.43,正常登錄,研發,東昇,112
2026/06/05,前段,61.26,0,30.38,已回報,資材,順發,23
2026/06/20,完成,14.62,29,2.05,正常登錄,品保,捷欣,27
2026/06/12,中段,45.44,194,8.83,已回報,研發,大宏,209
2026/06/30,中段,71.26,53,12.81,正常登錄,資材,東昇,34
2026/07/23,中段,26.08,228,39.98,正常登錄,品保,捷欣,25
2026/06/25,完成,24.25,101,80.17,待確認,製造,順發,5
2026/07/25,完成,90.73,204,97.00,已回報,品保,永利,208
2026/07/01,後段,95.60,0,17.91,正常登錄,品保,順發,48
2026/07/26,後段,41.12,0,72.41,已回報,研發,東昇,205
2026/06/01,完成,73.25,0,92.70,正常登錄,營運,力鋼,172
2026/07/30,完成,57.70,177,69.03,正常登錄,品保,順發,219
2026/07/19,後段,27.86,76,92.97,正常登錄,資材,順發,212